"case","group","value"
"n01",1,110.738885107715
"n01",1,99.2080209827348
"n01",1,80.4810621434395
"n01",1,114.149805065044
"n01",1,104.521077106285
"n01",1,95.4286128527435
"n01",1,114.569954233412
"n01",1,74.1896675525118
"n01",1,78.6533181562698
"n01",1,113.042311066403
"n01",1,106.927555001323
"n01",1,76.2289048293868
"n01",1,103.895815155975
"n01",1,103.112057853638
"n01",1,98.7589344794769
"n01",1,112.367221384294
"n01",1,98.8783097360496
"n01",1,109.601168544118
"n01",1,121.366722313386
"n01",1,100.556537981416
"n01",1,131.361328916867
"n01",1,93.7563444149754
"n01",1,100.166200399368
"n01",1,131.039463126732
"n01",1,90.3047493452019
"n01",1,101.673563736384
"n01",1,106.360158850319
"n01",1,111.353667060556
"n01",1,90.9971784264264
"n01",1,117.625896715998
"n01",2,96.0082015901924
"n01",2,90.8883526289812
"n01",2,87.9757199914722
"n01",2,105.52765488911
"n01",2,90.0191972808331
"n01",2,80.6346102095757
"n01",2,120.445214599297
"n01",2,98.0478477568567
"n01",2,97.1173519154528
"n01",2,85.0894339236958
"n01",2,107.251917845533
"n01",2,90.1336187872166
"n01",2,77.7908868670771
"n01",2,64.9152125184611
"n01",2,106.048546071982
"n01",2,116.957007991097
"n01",2,96.2333896382031
"n01",2,91.0824453875549
"n01",2,116.946986315716
"n01",2,93.9328350218199
"n01",2,99.8235895312174
"n01",2,94.996516055664
"n01",2,141.860294771477
"n01",2,120.782564267405
"n01",2,80.5292830572211
"n02",1,-0.792768335053606
"n02",1,-0.195134202753412
"n02",1,1.35883406527655
"n02",1,-0.20645292967225
"n02",1,-0.505302120039749
"n02",1,2.17406224389128
"n02",1,-0.618156544963978
"n02",1,0.384706023624393
"n02",2,-0.549507358456482
"n02",2,-2.1040968630668
"n02",2,1.50109339309769
"n02",2,0.185653996320823
"n02",2,0.60344267105187
"n02",2,1.73151297865943
"n02",2,0.344396757575301
"n02",2,1.2983740934981
"n03",1,47.2729707555365
"n03",1,50.6231450513505
"n03",1,54.1559107029272
"n03",1,44.7979948190595
"n03",1,50.8278292059403
"n03",1,55.0164243910521
"n03",1,47.2962457879516
"n03",1,46.6514555956519
"n03",1,44.8955451911795
"n03",1,50.9322478969837
"n03",1,54.8589127794987
"n03",1,50.7474612231607
"n03",1,45.4908062339247
"n03",1,52.9937273195339
"n03",1,45.6252497510832
"n03",1,44.7673107984846
"n03",1,52.2115902953936
"n03",1,44.2881505044933
"n03",1,54.8312317851879
"n03",1,59.5229559476177
"n03",1,48.2943426968922
"n03",1,50.4574874538389
"n03",1,44.8858669059928
"n03",1,45.839755791079
"n03",1,53.5041740749757
"n03",1,55.6432389989806
"n03",1,51.2414681369683
"n03",1,38.9418841188477
"n03",1,45.7290605247868
"n03",1,42.5508580844619
"n03",1,52.3565450631923
"n03",1,47.9487764565247
"n03",1,43.750268465743
"n03",1,48.0774704495927
"n03",1,44.4799852862042
"n03",1,51.3637847314963
"n03",1,50.1993393812503
"n03",1,50.2386956977356
"n03",1,51.5243311851374
"n03",1,46.1148731003057
"n03",1,47.4992335918162
"n03",1,49.92377270073
"n03",1,47.4455060617117
"n03",1,43.7821492681538
"n03",1,44.324695993914
"n03",1,39.5274174082663
"n03",1,54.9050080573315
"n03",1,61.4506963864431
"n03",1,52.6137269280934
"n03",1,52.2078991961497
"n03",1,49.6541037360964
"n03",1,55.93916430621
"n03",1,46.523098615675
"n03",1,45.749959366185
"n03",1,49.5973372298791
"n03",1,47.3960367873852
"n03",1,48.5872496615714
"n03",1,43.7346997970997
"n03",1,53.1298914550092
"n03",1,48.2630439018492
"n03",2,89.0970264368428
"n03",2,48.2847803098736
"n03",2,32.1741738204989
"n03",2,11.754490458464
"n03",2,47.5734110437048
"n03",2,53.4923696431416
"n03",2,65.6301271471649
"n03",2,101.267198589155
"n03",2,14.3166817243909
"n03",2,11.6382152779563
"n03",2,71.8630571572433
"n03",2,50.8791764721587
"n03",2,100.25335849049
"n03",2,68.7676557826928
"n03",2,45.0001269245735
"n03",2,-13.5745782354452
"n03",2,85.1588616616555
"n03",2,55.7577278596406
"n03",2,-10.9494146135972
"n03",2,33.5801517672088
"n03",2,35.3959555760175
"n03",2,53.8671709662932
"n03",2,31.8666702435392
"n03",2,41.9300980695812
"n03",2,96.3199967167495
"n03",2,44.8391103938053
"n03",2,58.7434017255547
"n03",2,62.5134586450581
"n03",2,71.6991345740217
"n03",2,84.0390862309639
"n03",2,60.4796638695362
"n03",2,87.3137615911911
"n03",2,47.2494173112962
"n03",2,22.8596621272861
"n03",2,88.3667803399181
"n03",2,66.5828999988697
"n03",2,77.5917381934736
"n03",2,48.4468940955816
"n03",2,52.5153465923177
"n03",2,67.1079449106227
"n03",2,49.0541542765532
"n03",2,61.2851177143195
"n03",2,47.76303910429
"n03",2,70.7122886072756
"n03",2,80.5581507459634
"n03",2,4.34979918360085
"n03",2,67.5176458161252
"n03",2,64.9058732356277
"n03",2,58.2968119899589
"n03",2,72.7357957436768
"n03",2,51.8375209782437
"n03",2,55.2443483798123
"n03",2,90.5628169607251
"n03",2,95.2901955610939
"n03",2,110.136105842417
"n03",2,69.5570978849738
"n03",2,61.0152282122352
"n03",2,61.0310487251302
"n03",2,77.1458443978932
"n03",2,57.8529616319841
"n04",1,0.561617170180959
"n04",1,1.25699537431413
"n04",1,3.5123579330479
"n04",1,2.215764404365
"n04",1,0.834597243061544
"n04",1,-0.388880500656091
"n04",1,0.825045259081794
"n04",1,1.72479379603916
"n04",1,1.66123263896161
"n04",1,1.00378027812152
"n04",1,0.626453002731151
"n04",1,0.786573267875579
"n04",1,0.801645522809089
"n04",1,-1.28253563838284
"n04",1,0.328302168925836
"n04",1,0.57802121928149
"n04",1,0.528323845298632
"n04",1,1.18400457096836
"n04",1,0.57147293735116
"n04",1,1.22876965581363
"n04",1,0.0825740379187709
"n04",1,1.79666130126761
"n04",1,1.23352699090079
"n04",1,0.487968625160951
"n04",1,1.62451611074077
"n04",1,2.71094838183691
"n04",1,2.90102020048854
"n04",1,1.80017850902683
"n04",1,1.39799705290442
"n04",1,2.14576724950157
"n04",1,-0.178278292375876
"n04",1,1.50461362032104
"n04",1,-0.0505207788704973
"n04",1,2.44252308737875
"n04",1,0.34615907337491
"n04",1,-0.616147391483851
"n04",1,0.899681204947523
"n04",1,-0.299377624179821
"n04",1,-0.0445797088339945
"n04",1,0.420375649304844
"n04",1,2.91106070015785
"n04",1,2.20833171001618
"n04",1,1.51352275491845
"n04",1,1.78449012185016
"n04",1,1.10624861654676
"n04",1,1.67387497871414
"n04",1,1.90870061409372
"n04",1,-0.241539834163714
"n04",1,-1.61553924255791
"n04",1,1.89828591823684
"n04",1,-0.778145479903609
"n04",1,0.181823793148053
"n04",1,1.4075166817422
"n04",1,0.32219422077716
"n04",1,2.33680482292156
"n04",1,-0.533154090938708
"n04",1,1.60631594338755
"n04",1,-0.977812517086177
"n04",1,0.0688445273643099
"n04",1,2.10119006621456
"n04",1,-0.174827519838838
"n04",1,-0.103909365107907
"n04",1,1.45793647040837
"n04",1,1.40597501369087
"n04",1,1.20540746541121
"n04",1,1.11721642424146
"n04",1,1.56909656365244
"n04",1,1.97975265859762
"n04",1,1.83926030657997
"n04",1,2.29530530359968
"n04",1,3.349772557343
"n04",1,2.27950374609681
"n04",1,0.118516723815052
"n04",1,0.889632664247499
"n04",1,1.39350014818915
"n04",1,-0.453625181523999
"n04",1,1.12818280843416
"n04",1,2.87684820177525
"n04",1,0.62356462931111
"n04",1,0.651535123718512
"n04",1,1.16802853906179
"n04",1,0.190838848969307
"n04",1,1.27226954952377
"n04",1,3.09778684384136
"n04",1,1.61436573583108
"n04",1,1.28884506951561
"n04",1,-0.898124492060221
"n04",1,-0.461111715370835
"n04",1,1.42521201065735
"n04",1,-0.38786507032222
"n04",1,0.928752564141708
"n04",1,1.2938723077082
"n04",1,-0.584095803115855
"n04",1,0.817770115342435
"n04",1,0.363463920249443
"n04",1,0.316459415410121
"n04",1,1.93839073351054
"n04",1,-0.272670491814405
"n04",1,-0.889689798842048
"n04",1,1.14774187470689
"n04",1,-0.141466983957716
"n04",1,0.289794639625522
"n04",1,1.48784353063684
"n04",1,0.651898019601882
"n04",1,0.578984933955068
"n04",1,1.88715840266662
"n04",1,1.63706694133845
"n04",1,1.74131792429236
"n04",1,0.730293827206671
"n04",1,2.0335310825923
"n04",1,0.765067407026168
"n04",1,1.36240512556058
"n04",1,-0.19419951821747
"n04",1,-0.356617880843965
"n04",1,0.272634621035254
"n04",1,-0.63579802353945
"n04",1,-0.366590955406267
"n04",1,-0.30893861829472
"n04",1,1.55366362005787
"n04",1,0.146668502030292
"n04",1,0.852722247720226
"n04",1,0.831626551696436
"n04",1,0.440972985529701
"n04",1,0.779125507489848
"n04",1,0.426004949673774
"n04",1,0.55702204902262
"n04",1,2.27020514713406
"n04",1,-0.14123184293603
"n04",1,2.94397800017273
"n04",1,2.31604265924742
"n04",1,0.856468653622656
"n04",1,2.00122982258838
"n04",1,0.990732346316732
"n04",1,0.67443870235561
"n04",1,0.71271516579833
"n04",1,0.96178235394169
"n04",1,1.78204863895702
"n04",1,1.2151995116649
"n04",1,0.348607738018008
"n04",1,2.08555899835389
"n04",1,0.295466030746898
"n04",1,0.247989143088321
"n04",1,0.709735373854394
"n04",1,0.741959218234121
"n04",1,0.437171791656724
"n04",1,0.53148907849311
"n04",1,1.11578425628793
"n04",1,0.827482402800808
"n04",1,0.553855991718466
"n04",1,0.442757776898268
"n04",1,3.06967304837957
"n04",1,-0.34056076360335
"n04",1,-0.40558916203888
"n04",1,2.57224167879371
"n04",1,1.54243444834912
"n04",1,1.72374785163022
"n04",1,-0.0602722425516555
"n04",1,0.923500792610914
"n04",1,2.00513747425729
"n04",1,0.994511680102121
"n04",1,0.926929146062027
"n04",1,0.351912041185227
"n04",1,0.393474814400865
"n04",1,1.76466380331998
"n04",1,1.63348948493033
"n04",1,0.815198641207169
"n04",1,1.96707023539766
"n04",1,1.00025686172513
"n04",1,0.0918804754022142
"n04",1,0.725143691079771
"n04",1,-0.499272764103493
"n04",1,-0.0454474011129655
"n04",1,-0.0855114053252557
"n04",1,1.58614272646257
"n04",1,1.79225516459495
"n04",1,0.0426400283838282
"n04",1,-0.811427102329456
"n04",1,1.0934360246955
"n04",1,1.30109695900418
"n04",1,-0.0209909142502416
"n04",1,-0.557095903715885
"n04",1,1.32092227638791
"n04",1,2.8686870081449
"n04",1,2.63532429079124
"n04",1,0.445208145067924
"n04",1,3.64717544334424
"n04",1,2.27430132260377
"n04",1,1.50271012959637
"n04",1,-0.378877523300923
"n04",1,1.35597549386559
"n04",1,2.47960539044318
"n04",1,0.438698846238397
"n04",1,-0.098425071299737
"n04",1,0.64693488389086
"n04",1,-0.685967373124963
"n04",1,1.77556865010008
"n04",1,0.289011123715851
"n04",1,-0.520758129788654
"n04",1,1.46910288094911
"n04",1,1.91131738261742
"n04",2,1.66191890849234
"n04",2,1.16433911970371
"n04",2,0.576481729514077
"n04",2,2.07990403989831
"n04",2,0.405924035579536
"n04",2,1.27748365222321
"n04",2,0.591533311801316
"n04",2,0.231038804394901
"n04",2,1.23006648369939
"n04",2,1.45238367268421
"n04",2,1.37532269588986
"n04",2,1.23121847419115
"n04",2,1.46588639015668
"n04",2,1.37284613208407
"n04",2,0.0317543130628068
"n04",2,0.149890764378649
"n04",2,0.474117507332559
"n04",2,1.66096895054398
"n04",2,0.818220522268773
"n04",2,0.96008391219827
"n04",2,1.81737175506662
"n04",2,0.672414226001692
"n04",2,2.21722068771013
"n04",2,0.396692107502233
"n04",2,1.87282256896566
"n04",2,3.49692846495912
"n04",2,1.27078699591556
"n04",2,1.24256461426495
"n04",2,1.32596425554349
"n04",2,-1.08967810603694
"n05",1,0.891323732086768
"n05",1,-2.39435093221029
"n05",1,0.256852925536838
"n05",2,2.29521902522304
"n05",2,-0.316362079197885
"n05",2,0.771094872350088
"n05",2,2.28561907855573
"n06",1,1.48152235874352
"n06",1,0.8028487807407
"n06",1,0.810589632900127
"n06",1,1.03357477260313
"n06",1,0.511354747840726
"n06",1,0.559697977107796
"n06",1,0.423377638585181
"n06",1,0.299786663344789
"n06",1,1.16693616285644
"n06",1,0.858473414744602
"n06",1,0.827213662365973
"n06",1,0.787187415120102
"n06",1,1.00615040923524
"n06",1,1.54108239884835
"n06",1,1.34026964969972
"n06",1,0.843978368712522
"n06",1,1.07280412524811
"n06",1,1.28990162892054
"n06",1,1.44544790239964
"n06",1,0.881385369648998
"n06",1,0.706702084746414
"n06",1,1.05621597984805
"n06",1,2.04806201830807
"n06",1,0.512564442939422
"n06",1,1.95631079126954
"n06",1,1.48401837618217
"n06",1,0.525793933983178
"n06",1,0.802321529265444
"n06",1,0.773137396072687
"n06",1,0.992820382119487
"n06",1,1.44467687782858
"n06",1,0.583552095566959
"n06",1,1.16603285828738
"n06",1,1.2547739656292
"n06",1,1.30731396613904
"n06",1,1.03299878870693
"n06",1,1.82800535607216
"n06",1,1.24662144892958
"n06",1,0.790989132302073
"n06",1,0.866228496769165
"n06",2,1.01923338435361
"n06",2,4.45935979938168
"n06",2,3.77186939240889
"n06",2,2.66460273959963
"n06",2,4.40160211634345
"n06",2,3.10477142603378
"n06",2,2.01511935254367
"n06",2,2.68038065438019
"n06",2,1.20691326602429
"n06",2,2.49296045457542
"n06",2,0.925287835322916
"n06",2,0.734257988334608
"n06",2,1.71699020851766
"n06",2,2.8559399366556
"n06",2,1.47496328887077
"n06",2,1.78429710782376
"n06",2,2.23848623431598
"n06",2,4.54154092648037
"n06",2,1.42005956445129
"n06",2,1.85624444442617
"n06",2,3.82867891831221
"n06",2,0.8884326082555
"n06",2,2.79717497610006
"n06",2,1.64332670256351
"n06",2,1.09510762910837
"n06",2,1.36144157599406
"n06",2,1.22095949166386
"n06",2,2.41241712437859
"n06",2,1.36939890397053
"n06",2,1.83289150391453
"n06",2,1.97605938197942
"n06",2,3.02358116426277
"n06",2,2.13876263041946
"n06",2,1.85411550555723
"n06",2,1.8936103421478
"n06",2,4.07823083321718
"n06",2,1.40468579073586
"n06",2,3.06156675257996
"n06",2,2.13063847927831
"n06",2,3.81372134325091
"n07",1,1.15470074382794
"n07",1,0.760970304657034
"n07",1,1.63928554317082
"n07",1,0.890417359118231
"n07",1,1.48828920449884
"n07",1,2.41323778723285
"n07",1,1.46137593458437
"n07",1,2.38932745712285
"n07",1,0.626146214785623
"n07",1,2.25107616544795
"n07",1,0.835261318080059
"n07",1,1.06111617700762
"n07",1,2.82161801807506
"n07",1,2.60781194988364
"n07",1,0.434240472599194
"n07",1,0.884062776981539
"n07",1,0.268675611540689
"n07",1,1.24082791094106
"n07",1,3.55330010938492
"n07",1,1.64946383676361
"n07",1,1.1209911774283
"n07",1,2.40558794762467
"n07",1,1.71477333729393
"n07",1,3.90740150350021
"n07",1,0.698317200539294
"n07",1,0.980169792846083
"n07",1,1.12527985823836
"n07",1,0.625032040938445
"n07",1,3.32760854033136
"n07",1,0.447255227266286
"n07",1,5.90568695480552
"n07",1,1.71998504624977
"n07",1,1.14935313849757
"n07",1,1.14648509447385
"n07",1,0.0448503556040369
"n07",1,3.87709434613468
"n07",1,1.21532627798921
"n07",1,2.1414121175502
"n07",1,0.948027639954729
"n07",1,1.0852452482961
"n07",2,2.95222509234886
"n07",2,0.119029347788077
"n07",2,0.660186954539758
"n07",2,1.65587118684861
"n07",2,1.32902734436697
"n07",2,2.15577412434174
"n07",2,0.820593043859648
"n07",2,0.690727832442872
"n07",2,0.570285919564218
"n07",2,1.53153084004732
"n07",2,0.197701531397763
"n07",2,1.0426975028008
"n07",2,1.71396554067737
"n07",2,1.5183691880032
"n07",2,1.16145812242368
"n07",2,1.9259161349009
"n07",2,2.29220036873299
"n07",2,2.82640801042322
"n07",2,1.50755560284676
"n07",2,0.294074740794388
"n07",2,0.658526997316355
"n07",2,3.08012451821607
"n07",2,0.869022302501875
"n07",2,0.200976080525728
"n07",2,0.633490017048808
"n07",2,0.762775770093005
"n07",2,0.278986484376054
"n07",2,0.927282216431482
"n07",2,0.69621890371522
"n07",2,0.487931085398484
"n07",2,4.78279335722623
"n07",2,1.25565301609756
"n07",2,1.93814260027611
"n07",2,0.799430170336601
"n07",2,0.659154610553808
"n07",2,3.09789972292281
"n07",2,0.174633983918466
"n07",2,1.01660664798754
"n07",2,2.47392035662385
"n07",2,1.83392131820365
"n08",1,2.50334103024545
"n08",1,0.731594312936068
"n08",1,0.11234756938253
"n08",1,0.880756955331075
"n08",1,0.227119407776419
"n08",1,6.00146412815819
"n08",1,7.21271219970631
"n08",1,0.865136190317571
"n08",1,0.662871793843806
"n08",1,1.89968824478608
"n08",1,2.63619984491708
"n08",1,3.46014840325235
"n08",1,1.88562627500835
"n08",1,2.8541905932951
"n08",1,0.493218200281262
"n08",1,0.881044692359865
"n08",1,0.338688963473192
"n08",1,0.196050066802475
"n08",1,0.407640882530617
"n08",1,0.743775712983061
"n08",1,5.19724085276156
"n08",1,0.665213221684098
"n08",1,0.159982010475433
"n08",1,2.45565570509973
"n08",1,2.05414746320787
"n08",1,1.95584106512561
"n08",1,0.508739050477743
"n08",1,3.49188623188024
"n08",1,0.556901825591922
"n08",1,4.22227768202252
"n08",1,0.618519698186028
"n08",1,1.4683644491339
"n08",1,1.78233105494621
"n08",1,5.54212998946138
"n08",1,3.05491493039322
"n08",1,1.98419823754599
"n08",1,2.50944537620095
"n08",1,0.232044470476103
"n08",1,0.575520941987634
"n08",1,1.06551344022688
"n08",1,1.47628066370353
"n08",1,0.361493298783898
"n08",1,3.23465373722797
"n08",1,0.308054827025518
"n08",1,2.24175951994004
"n08",1,0.732897700748013
"n08",1,1.86145580737832
"n08",1,0.190369208091694
"n08",1,3.37481157092338
"n08",1,1.63400204724675
"n08",2,1.50761534459889
"n08",2,0.470160165180763
"n08",2,4.9473168015163
"n08",2,1.24263590201735
"n08",2,3.0956217458934
"n08",2,3.55587405138616
"n08",2,0.700133167077965
"n08",2,1.23857646870116
"n08",2,1.16282316700866
"n08",2,5.66606216104635
"n08",2,0.00122246594710869
"n08",2,3.90561374200785
"n08",2,4.92498076803295
"n08",2,6.53318380908974
"n08",2,5.32101040063192
"n08",2,2.09479634960492
"n08",2,0.612735361200469
"n08",2,3.3601290079296
"n08",2,4.56816208534841
"n08",2,5.1967416550662
"n08",2,0.935063203796744
"n08",2,0.0597561860639713
"n08",2,0.399025543708647
"n08",2,1.73702455746631
"n08",2,2.98315554222369
"n08",2,4.9419053889494
"n08",2,0.804832212937375
"n08",2,4.44501444372936
"n08",2,7.88489162259015
"n08",2,6.54768335915415
"n08",2,0.620929775759578
"n08",2,0.0677397008985281
"n08",2,0.270574237219989
"n08",2,4.13232186484738
"n08",2,0.293314765536831
"n08",2,0.273936898447573
"n08",2,2.80899997165704
"n08",2,0.239243251271546
"n08",2,0.845700376667082
"n08",2,2.90824980771446
"n08",2,2.24553022999316
"n08",2,1.64137597661465
"n08",2,0.558706382157514
"n08",2,1.88734666599582
"n08",2,7.25550350156535
"n08",2,3.22256688945893
"n08",2,3.56945600967511
"n08",2,3.95907795593693
"n08",2,15.5912021414978
"n08",2,3.03619614788298
"n09",1,0.739595540799201
"n09",1,0.873402426484972
"n09",1,0.638580216327682
"n09",1,0.294098716462031
"n09",1,0.204129787860438
"n09",1,0.154311731923372
"n09",1,0.958820042898878
"n09",1,0.062526248395443
"n09",1,0.986065928358585
"n09",1,0.981978225987405
"n09",1,0.961056025931612
"n09",1,0.643137112492695
"n09",1,0.590790822403505
"n09",1,0.43887914926745
"n09",1,0.902619762578979
"n09",1,0.967527930857614
"n09",1,0.553463401738554
"n09",1,0.801237953593954
"n09",1,0.544819932896644
"n09",1,0.592238683952019
"n09",1,0.767570151481777
"n09",1,0.322626781184226
"n09",1,0.499372740276158
"n09",1,0.462810494704172
"n09",1,0.280673255445436
"n09",1,0.551148538710549
"n09",1,0.2423392215278
"n09",1,0.488804357592016
"n09",1,0.541447122115642
"n09",1,0.159448965452611
"n09",1,0.867662901291624
"n09",1,0.131750548491254
"n09",1,0.94034496601671
"n09",1,0.135485087288544
"n09",1,0.96647372469306
"n09",2,1.09157736948691
"n09",2,0.987439967691898
"n09",2,1.34498490649275
"n09",2,1.08143594674766
"n09",2,1.27500591357239
"n09",2,0.760693569667637
"n09",2,1.32935487339273
"n09",2,0.556142835412174
"n09",2,1.31500700698234
"n09",2,1.37284327694215
"n09",2,1.02014918811619
"n09",2,1.19857050897554
"n09",2,0.504880465334281
"n09",2,0.687556922901422
"n09",2,0.532933497568592
"n09",2,1.27497156546451
"n09",2,1.04333963105455
"n09",2,0.515760980313644
"n09",2,0.790551774436608
"n09",2,0.732475429307669
"n09",2,1.0182260053698
"n09",2,0.788586950860918
"n09",2,1.02537382347509
"n09",2,1.10807135188952
"n09",2,0.509513109922409
"n09",2,0.571592131163925
"n09",2,1.20598775357939
"n09",2,0.780127637321129
"n09",2,1.23990399087779
"n09",2,1.12489900016226
"n09",2,0.534688101382926
"n09",2,0.954256581375375
"n09",2,0.583598738769069
"n09",2,1.3258693527896
"n09",2,1.47429647855461
"n10",1,-0.421790029210861
"n10",1,-2.21609549132179
"n10",1,-0.0575996431426255
"n10",1,1.50830478003402
"n10",1,0.725781002163448
"n10",1,-1.71335865610705
"n10",1,0.478734168322209
"n10",1,-0.343884471861425
"n10",1,1.92596748923517
"n10",1,1.32747477799653
"n10",1,0.482585143118876
"n10",1,-0.127096381488491
"n10",1,-0.337277236108366
"n10",1,-1.92882328959867
"n10",1,1.01046178681601
"n10",1,-0.27237101486459
"n10",1,0.226729622896325
"n10",1,0.214857817283971
"n10",1,-0.388543891000246
"n10",1,4.57418272259159
"n10",1,0.368740629514484
"n10",1,-0.481988705958443
"n10",1,-1.59425116356179
"n10",1,-0.962885484072876
"n10",1,-0.358405322617929
"n10",1,-1.03590940696914
"n10",1,0.723784331470575
"n10",1,0.595548584447097
"n10",1,0.556548049150645
"n10",1,0.099438666229674
"n10",1,0.683078934251315
"n10",1,-1.47121264135381
"n10",1,-1.11839066700411
"n10",1,0.567740903169663
"n10",1,1.27046462316615
"n10",1,0.380970116640425
"n10",1,1.63756806612942
"n10",1,-1.92092719031643
"n10",1,-0.319579992664812
"n10",1,1.27457349134413
"n10",1,-0.0373895094924231
"n10",1,-0.850443301958406
"n10",1,-0.922728410127779
"n10",1,0.997119772689249
"n10",1,0.588083105274557
"n10",2,0.322489185945517
"n10",2,0.310810541152679
"n10",2,0.608073732989967
"n10",2,0.665459004619426
"n10",2,2.10293325571594
"n10",2,2.18767727642786
"n10",2,2.47866298758034
"n10",2,0.399230908914036
"n10",2,1.33405655998524
"n10",2,1.4632165662428
"n10",2,-1.82099055366061
"n10",2,1.82599936642207
"n10",2,0.165899038400177
"n10",2,-4.3576038154293
"n10",2,-0.123355929381966
"n10",2,2.68905510922662
"n10",2,-0.923864582322995
"n10",2,1.19606173883889
"n10",2,-0.548048843232869
"n10",2,0.687537084880178
"n10",2,1.52992761854754
"n10",2,0.329697348307884
"n10",2,1.70772252257558
"n10",2,0.746285500314384
"n10",2,0.939058976141435
"n10",2,0.571512705934201
"n10",2,-0.00553930246099776
"n10",2,1.32411122579987
"n10",2,1.33326402098656
"n10",2,1.05365069317837
"n10",2,0.227710791372002
"n10",2,5.24205000386491
"n10",2,2.46463600174623
"n10",2,2.17698699894759
"n10",2,0.604844473172474
"n10",2,1.26497293862266
"n10",2,-1.40285815502701
"n10",2,3.84070325100245
"n10",2,2.86437718234494
"n10",2,5.49454227913315
"n10",2,0.817953607211035
"n10",2,2.60345052561708
"n10",2,0.88709368495919
"n10",2,0.67586629681678
"n10",2,0.4719705721315
"n11",1,-1.3384341046855
"n11",1,-2.836518234204
"n11",1,-1.67777694658224
"n11",1,-2.11651220097228
"n11",1,-1.47459931223757
"n11",1,-2.33011077476038
"n11",1,-1.91451957973089
"n11",1,-1.5809966324535
"n11",1,-2.23614869322468
"n11",1,-1.57385721786855
"n11",1,-2.40875160652071
"n11",1,-2.12269514652521
"n11",1,-1.3466949086381
"n11",1,-1.62328661440269
"n11",1,-0.604910611572523
"n11",1,-2.17092061338551
"n11",1,-2.35244082744056
"n11",1,-0.895377487402861
"n11",1,-2.68606544034923
"n11",1,-1.94985153197074
"n11",1,2.29145770420991
"n11",1,1.78154262062987
"n11",1,4.140340766036
"n11",1,3.79032633896002
"n11",1,3.30937014161192
"n11",1,1.96988180860275
"n11",1,2.70386904080622
"n11",1,4.45309932066587
"n11",1,2.72798586864127
"n11",1,2.25884837601659
"n11",1,2.60704538622087
"n11",1,2.28306921837862
"n11",1,1.9623691401424
"n11",1,2.27233528766786
"n11",1,2.2038529935957
"n11",1,1.80114169817048
"n11",1,3.78319560314424
"n11",1,1.16813708542831
"n11",1,3.1661268562589
"n11",1,2.79903597917253
"n11",2,-1.26883454867327
"n11",2,-1.95697585022897
"n11",2,-1.08371141588063
"n11",2,-0.616160633720202
"n11",2,-1.14075656061292
"n11",2,-1.04371396863472
"n11",2,-0.64940953734549
"n11",2,-0.0864476795115429
"n11",2,-0.465861724359577
"n11",2,-1.81281080547575
"n11",2,-1.32986111602041
"n11",2,-1.72302938306647
"n11",2,-0.44836820214868
"n11",2,-0.606058914783112
"n11",2,-1.96320720425228
"n11",2,-0.433942797372146
"n11",2,-1.13694053906174
"n11",2,-0.635245839816905
"n11",2,-1.63447963042798
"n11",2,-1.49507674080892
"n11",2,4.11072625024751
"n11",2,3.51725347791069
"n11",2,3.74721568483191
"n11",2,4.03037749526604
"n11",2,4.7337422913842
"n11",2,3.70929280936087
"n11",2,4.55705193212795
"n11",2,4.32578599678972
"n11",2,3.8347804659706
"n11",2,4.24791777656283
"n11",2,2.62953512011528
"n11",2,4.27677497899602
"n11",2,3.95206154505897
"n11",2,6.00805002556501
"n11",2,5.17044853042104
"n11",2,4.38139461852455
"n11",2,4.43720302261291
"n11",2,4.81102427313354
"n11",2,2.78880441283034
"n11",2,2.3633253313
"n12",1,1
"n12",1,1
"n12",1,3
"n12",1,2
"n12",1,4
"n12",1,1
"n12",1,1
"n12",1,1
"n12",1,4
"n12",1,5
"n12",1,5
"n12",1,1
"n12",1,1
"n12",1,3
"n12",1,3
"n12",1,1
"n12",1,5
"n12",1,1
"n12",1,1
"n12",1,4
"n12",1,4
"n12",1,5
"n12",1,4
"n12",1,1
"n12",1,4
"n12",1,4
"n12",1,4
"n12",1,1
"n12",1,1
"n12",1,1
"n12",1,1
"n12",1,1
"n12",1,1
"n12",1,4
"n12",1,5
"n12",1,4
"n12",1,4
"n12",1,2
"n12",1,2
"n12",1,1
"n12",1,5
"n12",1,5
"n12",1,4
"n12",1,4
"n12",1,1
"n12",1,3
"n12",1,1
"n12",1,1
"n12",1,4
"n12",1,3
"n12",2,5
"n12",2,3
"n12",2,2
"n12",2,2
"n12",2,5
"n12",2,4
"n12",2,5
"n12",2,3
"n12",2,1
"n12",2,2
"n12",2,2
"n12",2,2
"n12",2,1
"n12",2,2
"n12",2,2
"n12",2,3
"n12",2,3
"n12",2,5
"n12",2,2
"n12",2,2
"n12",2,2
"n12",2,4
"n12",2,4
"n12",2,5
"n12",2,3
"n12",2,3
"n12",2,1
"n12",2,5
"n12",2,1
"n12",2,3
"n12",2,4
"n12",2,5
"n12",2,4
"n12",2,1
"n12",2,1
"n12",2,4
"n12",2,3
"n12",2,3
"n12",2,4
"n12",2,5
"n12",2,2
"n12",2,2
"n12",2,5
"n12",2,5
"n12",2,3
"n12",2,1
"n12",2,1
"n12",2,5
"n12",2,1
"n12",2,5
"n13",1,10.7412779758663
"n13",1,12.0814022004583
"n13",1,5.71572182553384
"n13",1,12.6234212719032
"n13",1,9.87081953553691
"n13",1,9.7978578052076
"n13",1,9.66071043884669
"n13",1,7.74168300382663
"n13",1,11.9551413101441
"n13",1,10.6963583528722
"n13",1,10.1377031972585
"n13",1,12.9382076239402
"n13",1,9.6578971317325
"n13",1,9.36731564836988
"n13",1,12.9084419584144
"n13",1,8.99326804464479
"n13",1,12.8193869233931
"n13",1,9.42738992266636
"n13",1,10.372445230031
"n13",1,9.85931275605924
"n13",1,10.7584159522031
"n13",1,10.0289441352979
"n13",1,9.83208171666534
"n13",1,14.2012270717861
"n13",1,8.69635653238718
"n13",1,10.3197359771708
"n13",1,8.15121446218001
"n13",1,5.64091693075636
"n13",1,12.6579373988886
"n13",1,9.66950449523932
"n13",1,8.67774570544183
"n13",1,9.44564261566527
"n13",1,5.06059190622834
"n13",1,12.2315526445473
"n13",1,11.4352725161363
"n13",1,9.2834235496155
"n13",1,10.4460341268368
"n13",1,9.29574999122968
"n13",1,11.0719731620779
"n13",1,8.19482156492924
"n13",1,5.78315468106725
"n13",1,8.23671127964863
"n13",1,7.49182514235514
"n13",1,9.50492360410091
"n13",1,12.9150444337421
"n13",1,11.0281967726046
"n13",1,12.0252619210236
"n13",1,12.1621784887653
"n13",1,9.5834607602859
"n13",1,12.1322275503789
"n13",1,11.8804235231085
"n13",1,13.1467726524457
"n13",1,14.5720050513304
"n13",1,8.92457121651732
"n13",1,5.50396302726369
"n13",1,13.7090266185427
"n13",1,10.4288739987708
"n13",1,11.7798597233379
"n13",1,10.0047062390749
"n13",1,9.15137157691317
"n13",1,12.6767816318547
"n13",1,7.04414496325674
"n13",1,7.99854583907596
"n13",1,10.2699444811157
"n13",1,13.750246624857
"n13",1,8.84460580614124
"n13",1,8.73032870441155
"n13",1,7.66695069760368
"n13",1,10.7209835827327
"n13",1,10.9803589431173
"n13",1,7.7047990441901
"n13",1,10.4545060701613
"n13",1,8.56340052830887
"n13",1,11.1620630128463
"n13",1,8.53489166619952
"n13",1,9.01964239658349
"n13",1,7.14831947655324
"n13",1,12.8442959178713
"n13",1,10.1992586580249
"n13",1,9.5880658454989
"n13",1,7.53215070490892
"n13",1,10.9663783557702
"n13",1,10.6730736645645
"n13",1,8.2631184756957
"n13",1,11.3854227150419
"n13",1,9.41288005484377
"n13",1,9.38306894691306
"n13",1,10.0715279666054
"n13",1,8.41071414110482
"n13",1,11.2641855082361
"n13",1,12.841741020129
"n13",1,7.60916471125964
"n13",1,11.6371386697167
"n13",1,10.995660626985
"n13",1,9.68550593342852
"n13",1,13.2240064171358
"n13",1,8.4683377816488
"n13",1,7.92230386018167
"n13",1,10.9972979023833
"n13",1,8.31393461643432
"n13",1,5.90315568767405
"n13",1,10.4529076819553
"n13",1,12.8238525330987
"n13",1,11.3827596799101
"n13",1,8.23100929861863
"n13",1,9.19414296496286
"n13",1,15.90928655164
"n13",1,7.77224928496289
"n13",1,11.438642626164
"n13",1,7.3774237044362
"n13",1,13.5831264550044
"n13",1,12.2026908865391
"n13",1,9.87616590444185
"n13",1,8.88366010724019
"n13",1,10.2620280455676
"n13",1,10.1338174025066
"n13",1,10.9046173156391
"n13",1,10.366647015663
"n13",1,9.42434785778907
"n13",1,7.94303524051227
"n13",1,9.99819459143239
"n13",1,12.7543766260406
"n13",1,9.96803944013881
"n13",1,9.89634125595817
"n13",1,8.72415175423727
"n13",1,11.0758623623612
"n13",1,10.3162115672069
"n13",1,12.143218495399
"n13",1,9.14571279615015
"n13",1,10.5860058183806
"n13",1,6.58062443995003
"n13",1,11.6583944521842
"n13",1,10.0862589993609
"n13",1,11.8317757885083
"n13",1,8.69675885782512
"n13",1,10.9909837410456
"n13",1,9.91488667672184
"n13",1,12.4233106018775
"n13",1,5.10725731616282
"n13",1,9.59103550725117
"n13",1,9.88393865168944
"n13",1,8.31500259114371
"n13",1,10.1790601576523
"n13",1,11.0614719884861
"n13",1,8.77330399625844
"n13",1,9.3934195529507
"n13",1,9.52991444902554
"n13",1,9.77752046938023
"n13",1,12.2802985089607
"n13",1,13.9011679152809
"n13",1,6.74451757825246
"n13",1,10.4559512201188
"n13",1,10.5821958463405
"n13",1,8.4954056413537
"n13",1,10.3978403227321
"n13",1,9.18179096488958
"n13",1,8.53153126198715
"n13",1,10.3670194148538
"n13",1,11.3903010345335
"n13",1,10.1831843603988
"n13",1,9.0862698913309
"n13",1,13.5867974263255
"n13",1,8.24498297906848
"n13",1,10.3146542930645
"n13",1,12.0824812845074
"n13",1,9.8458027128623
"n13",1,10.0799651015699
"n13",1,8.04550864620527
"n13",1,11.6542602970197
"n13",1,12.7794429314282
"n13",1,10.2629576741759
"n13",1,10.1308354784751
"n13",1,11.4314214770736
"n13",1,12.5635769935719
"n13",1,6.00132417604197
"n13",1,7.94083906509037
"n13",1,6.53582145408356
"n13",1,9.31795027738721
"n13",1,8.51830721099662
"n13",1,9.40474728045187
"n13",1,9.93784612315808
"n13",1,8.53664325605132
"n13",1,9.70318831309113
"n13",1,10.7266421811735
"n13",1,8.71221607972416
"n13",1,11.3839318440955
"n13",1,10.3922150414691
"n13",1,8.97013420605605
"n13",1,11.2801749456438
"n13",1,11.0358998159598
"n13",1,14.5698796737639
"n13",1,14.7273842950549
"n13",1,11.5945418900725
"n13",1,7.8507030257564
"n13",1,12.0342895938869
"n13",1,10.959844567874
"n13",1,10.4918734252048
"n13",1,13.2700116070899
"n13",1,8.92574372145897
"n13",1,7.98641685483129
"n13",1,9.47091142140859
"n13",1,12.7925437121444
"n13",1,11.605004147115
"n13",1,7.95434889970282
"n13",1,9.79735067446201
"n13",1,10.31527573192
"n13",1,8.77041948465647
"n13",1,11.8788072167175
"n13",1,4.85019076274574
"n13",1,10.3369312357411
"n13",1,7.36892931074067
"n13",1,12.3331139776281
"n13",1,11.4311284333883
"n13",1,12.7654262731186
"n13",1,8.77342174031124
"n13",1,10.3660087540913
"n13",1,9.65836176325947
"n13",1,9.94386437024987
"n13",1,5.44121846827168
"n13",1,12.3612552828557
"n13",1,5.30444982540752
"n13",1,10.8328534158435
"n13",1,11.4465857804869
"n13",1,12.7932404716786
"n13",1,10.2958324530463
"n13",1,12.073918675922
"n13",1,12.6857520307365
"n13",1,11.9515838331496
"n13",1,10.5532735270616
"n13",1,9.74441977197615
"n13",1,10.4165487143557
"n13",1,8.05672745970196
"n13",1,12.0060967014867
"n13",1,9.30840155249507
"n13",1,10.6189884820412
"n13",1,13.0891548142108
"n13",1,8.39903153119788
"n13",1,10.2773774309431
"n13",1,12.7179332816266
"n13",1,11.6050680513549
"n13",1,9.40806731992179
"n13",1,6.52984921996284
"n13",1,9.89874072896597
"n13",1,9.16856592244155
"n13",1,10.6318217739297
"n13",1,7.69425576341303
"n13",1,7.03088943874662
"n13",1,8.90470081041822
"n13",1,10.184398592392
"n13",1,10.3913956334058
"n13",1,10.5552069321243
"n13",1,6.36841298131206
"n13",1,11.7107846371483
"n13",1,9.98987467876234
"n13",1,9.46941421173676
"n13",1,9.44414648222092
"n13",1,5.82197564075711
"n13",1,10.7856873488781
"n13",1,9.76504756948086
"n13",1,11.656586578905
"n13",1,9.94591555557549
"n13",1,9.94383038513767
"n13",1,9.4183566376116
"n13",1,7.74897574669722
"n13",1,7.10367529761515
"n13",1,10.4299014312832
"n13",1,8.72132335682321
"n13",1,12.8772308130289
"n13",1,9.7701561735465
"n13",1,7.2004604654154
"n13",1,6.97938896427957
"n13",1,9.44221709889518
"n13",1,12.2546692146358
"n13",1,11.5501523872795
"n13",1,9.72784746614925
"n13",1,10.0080390677688
"n13",1,11.6206542472936
"n13",1,10.828415727871
"n13",1,8.48022858452059
"n13",1,8.90100820558992
"n13",1,8.31200043780767
"n13",1,8.97710960198612
"n13",1,9.87576567800713
"n13",1,9.82606596196238
"n13",1,8.37571146527697
"n13",1,12.4521727009512
"n13",1,7.09496873769959
"n13",1,11.7973834343289
"n13",1,10.0598172223523
"n13",1,10.1057564537712
"n13",1,10.7443200162273
"n13",1,12.4333962183476
"n13",1,11.6897828181991
"n13",1,9.35628247909758
"n13",1,11.2595327182718
"n13",1,9.44216318236065
"n13",1,10.9609411613012
"n13",1,9.62865565946664
"n13",1,10.7912929365845
"n13",1,10.9242906624321
"n13",1,10.0604406522742
"n13",1,9.93395292063813
"n13",1,10.348496665552
"n13",1,12.4237498729985
"n13",1,9.92240740903173
"n13",1,8.28502995713772
"n13",1,9.02413571509559
"n13",1,9.98444826825484
"n13",1,7.00964544796511
"n13",1,9.51940839290723
"n13",1,9.04797293696597
"n13",1,7.07568514668248
"n13",1,8.90058150317899
"n13",1,5.54692570482855
"n13",1,12.9096503829352
"n13",1,10.8386566496946
"n13",1,10.298342382439
"n13",1,9.97160903123278
"n13",1,9.49745976207501
"n13",1,9.83410981818141
"n13",1,9.08798045107324
"n13",1,15.3529820597646
"n13",1,10.0652446566725
"n13",1,8.39301981856312
"n13",1,10.3929192037005
"n13",1,7.01709654769102
"n13",1,9.05438953225887
"n13",1,12.6641875642699
"n13",1,9.65378632101119
"n13",1,11.9608760761552
"n13",1,11.677357106503
"n13",1,7.45936539304778
"n13",1,8.81536665355409
"n13",1,12.2347794745508
"n13",1,9.27432681300299
"n13",1,5.03168167545682
"n13",1,9.51423119562268
"n13",1,8.05230121944649
"n13",1,10.0549195465724
"n13",1,9.57289784297361
"n13",1,14.1074486856967
"n13",1,9.96483064105403
"n13",1,7.56747010460248
"n13",1,8.60254970066828
"n13",1,9.42813124755303
"n13",1,11.7067616363714
"n13",1,8.59009825186218
"n13",1,12.4724345865163
"n13",1,13.8341273508465
"n13",1,9.06310762879657
"n13",1,9.51785907157767
"n13",1,7.46258248498946
"n13",1,7.44102103024768
"n13",1,7.83289990832423
"n13",1,11.1097243553976
"n13",1,15.3532203720048
"n13",1,8.44656568308272
"n13",1,13.5149658606537
"n13",1,11.6697544745242
"n13",1,9.77003201205607
"n13",1,8.56962662805359
"n13",1,12.4846737595931
"n13",1,6.49974381182109
"n13",1,10.1175711497203
"n13",1,9.29359462361914
"n13",1,6.27702965327747
"n13",1,12.1142463918025
"n13",1,8.58419965125954
"n13",1,9.92497292387405
"n13",1,11.9440875999532
"n13",1,11.6540855121389
"n13",1,11.2696570566915
"n13",1,10.0641819552832
"n13",1,8.21431546506951
"n13",1,7.19131892501745
"n13",1,12.4180603935166
"n13",1,8.33592513002085
"n13",1,10.7963905328029
"n13",1,12.9537655368918
"n13",1,8.3595029812354
"n13",1,11.351759770342
"n13",1,9.73827031578677
"n13",1,8.01097546932261
"n13",1,6.74603097320131
"n13",1,9.6395406745585
"n13",1,8.74899608881609
"n13",1,8.48709348810327
"n13",1,14.4866113698508
"n13",1,11.8799156362841
"n13",1,16.1852935687284
"n13",1,12.9175529726253
"n13",1,12.7658754800878
"n13",1,10.9700466010509
"n13",1,10.4749936069972
"n13",1,7.3047443520364
"n13",1,8.75497660526881
"n13",1,11.5267280461934
"n13",1,10.0585054631523
"n13",1,13.1534592482193
"n13",1,8.91089388833857
"n13",1,7.97495126796187
"n13",1,10.0643363662709
"n13",1,10.9643318734823
"n13",1,10.5142872793736
"n13",1,10.5009055551801
"n13",1,10.7547596704685
"n13",1,13.0415924704098
"n13",1,12.9339719972414
"n13",1,9.73605267077317
"n13",1,10.1965968331176
"n13",1,8.18055710055332
"n13",1,8.95670337822521
"n13",1,7.55662082001166
"n13",1,10.77695147992
"n13",1,11.260437888538
"n13",1,8.0658567176953
"n13",1,10.14512424921
"n13",1,13.0458700623404
"n13",1,9.10890953113826
"n13",1,13.1772941397644
"n13",1,7.74226468369585
"n13",1,7.14207699547175
"n13",1,10.6546202210995
"n13",1,10.6389953273619
"n13",1,11.7382663004822
"n13",1,9.49897580986011
"n13",1,6.25519266362478
"n13",1,12.4876674545164
"n13",1,12.7434986376399
"n13",1,10.7584685663276
"n13",1,11.4943337169849
"n13",1,8.94384014309314
"n13",1,14.2351005892668
"n13",1,10.5917554253452
"n13",1,10.1966011123035
"n13",1,12.0681611315784
"n13",1,10.4905682498762
"n13",1,12.9166014774637
"n13",1,11.6412912576545
"n13",1,10.2908857755667
"n13",1,8.75311776400425
"n13",1,12.3996591775803
"n13",1,7.32367326535323
"n13",1,9.44699268109818
"n13",1,9.60642996085637
"n13",1,10.6855448053004
"n13",1,9.18451932914921
"n13",1,9.35773382608927
"n13",1,9.31635743848054
"n13",1,8.85675885522789
"n13",1,9.09941740303621
"n13",1,14.1885874856033
"n13",1,8.77323342187895
"n13",1,12.6896455756204
"n13",1,11.3143240607608
"n13",1,9.09599897278757
"n13",1,14.8466637414047
"n13",1,7.97331969113808
"n13",1,7.2508549988138
"n13",1,10.5742223197656
"n13",1,8.92966001617507
"n13",1,11.1290099370635
"n13",1,5.50525200404118
"n13",1,8.89868045822235
"n13",1,8.30384319599194
"n13",1,9.84430688836101
"n13",1,8.37353575971981
"n13",1,8.00919158626942
"n13",1,8.279847105789
"n13",1,7.9570667532873
"n13",1,11.846717524576
"n13",1,9.09174200068153
"n13",1,9.34386452682741
"n13",1,12.0312630541729
"n13",1,9.02993065125332
"n13",1,12.152909989451
"n13",1,14.6856131364122
"n13",1,11.4692183277953
"n13",1,9.14288832170006
"n13",1,11.4243052056993
"n13",1,12.2958134008251
"n13",1,10.2276914452904
"n13",1,10.6992129735186
"n13",1,11.3121902021922
"n13",1,7.77111381580135
"n13",1,9.63278335111299
"n13",1,10.9505967388134
"n13",1,6.7301656678412
"n13",1,9.01935398446877
"n13",1,7.83310862096718
"n13",1,10.190996584368
"n13",1,7.13834489918627
"n13",1,11.5750819575175
"n13",1,8.89681553746556
"n13",1,9.63274870858238
"n13",1,13.1661733910911
"n13",1,9.84587299114362
"n13",1,11.9177945146828
"n13",1,12.0928663546017
"n13",1,8.6161434506164
"n13",1,9.73925967325115
"n13",1,8.55120154705638
"n13",1,9.16242733256599
"n13",1,11.9331408910668
"n13",1,8.73610715823834
"n13",1,7.68630750259136
"n13",1,6.88960859947785
"n13",1,10.7011883006458
"n13",1,7.01602761173937
"n13",1,6.47439321798884
"n13",1,10.7747807997182
"n13",1,11.0733815111167
"n13",1,9.36838438258592
"n13",1,11.3058331700786
"n13",1,11.990718823366
"n13",1,12.1690100899724
"n13",1,10.3619587885691
"n13",1,9.22416785205624
"n13",1,9.3720473720316
"n13",1,10.1251697757013
"n13",1,11.9126243285672
"n13",1,8.56029148585864
"n13",1,13.3107389003404
"n13",1,11.56800642821
"n13",1,11.1434509692416
"n13",1,9.9787840631061
"n13",1,12.7031107558729
"n13",1,8.03286033601216
"n13",1,10.4107900346549
"n13",1,10.1912333607689
"n13",1,9.49207928160399
"n13",1,10.9298970318117
"n13",1,6.38172723973511
"n13",1,5.98009422991758
"n13",1,9.54581385714508
"n13",1,12.0931812367949
"n13",1,10.6592769365429
"n13",1,10.1645505776242
"n13",1,5.03805116001869
"n13",1,10.2644541323679
"n13",1,10.2617509670223
"n13",1,9.35280627187655
"n13",1,11.996530741831
"n13",1,12.1831169710844
"n13",1,9.31668744351652
"n13",1,11.7710064120044
"n13",1,6.10106991944675
"n13",1,6.97452894296708
"n13",1,9.52133587485455
"n13",1,6.66788344907752
"n13",1,8.04753920991086
"n13",1,12.9273746039962
"n13",1,7.46272995036558
"n13",1,12.0410970006613
"n13",1,7.65050088817356
"n13",1,9.35955953162131
"n13",1,9.14280229694198
"n13",1,6.46268416576257
"n13",1,10.8260161270547
"n13",1,6.53940068074968
"n13",1,4.3279258854606
"n13",1,8.19438777669416
"n13",1,12.5881725766835
"n13",1,12.4730109691762
"n13",1,13.9270233914212
"n13",1,9.51995141954888
"n13",1,10.8064257028786
"n13",1,13.869917867181
"n13",1,6.49494050580271
"n13",1,8.50717864297538
"n13",1,9.92240928797659
"n13",1,6.92830772042655
"n13",1,9.9435877985239
"n13",1,6.89646666571384
"n13",1,12.1054237089447
"n13",1,10.9395494012601
"n13",1,11.5920720091383
"n13",1,11.6286376023755
"n13",1,8.38438764906699
"n13",1,10.4605540923688
"n13",1,12.0588900191107
"n13",1,12.2902531955399
"n13",1,10.4265302229029
"n13",1,9.75964655387085
"n13",1,9.04225682065351
"n13",1,9.84045999108531
"n13",1,8.68701815636295
"n13",1,8.31686043715045
"n13",1,8.55166205938935
"n13",1,10.2617100039219
"n13",1,9.25890177842965
"n13",1,13.142058760184
"n13",1,8.53429046230725
"n13",1,13.216606176087
"n13",1,5.22994420865029
"n13",1,12.652289677249
"n13",1,10.7022696984101
"n13",1,12.0739358143315
"n13",1,8.25399689103638
"n13",1,10.0925723799969
"n13",1,9.65627991288307
"n13",1,8.98248102675692
"n13",1,6.89880221026993
"n13",1,6.87016431237894
"n13",1,9.31118501827157
"n13",1,10.6209170947771
"n13",1,9.76065706142553
"n13",1,13.2051462764065
"n13",1,9.44495265180966
"n13",1,9.21591819532619
"n13",1,14.1748152892675
"n13",1,11.5438314478078
"n13",1,10.386093484979
"n13",1,10.2297815407977
"n13",1,10.585132561876
"n13",1,7.02886676270522
"n13",1,11.8694079423125
"n13",1,9.91330227400447
"n13",1,7.79704385986447
"n13",1,11.4026461390619
"n13",1,9.60066278748544
"n13",1,7.95789208798625
"n13",1,10.9971729500517
"n13",1,8.87484998681065
"n13",1,11.8811185642683
"n13",1,7.72331207022339
"n13",1,12.5149248104837
"n13",1,10.7077414014971
"n13",1,7.63260552200366
"n13",1,10.6511816619778
"n13",1,10.1794511329544
"n13",1,9.8774926208183
"n13",1,5.39045746785716
"n13",1,15.2935665681547
"n13",1,8.38095300431965
"n13",1,12.6278436091984
"n13",1,9.75959072917819
"n13",1,10.9845302072029
"n13",1,10.016722135739
"n13",1,10.9188740167527
"n13",1,10.9214704978474
"n13",1,9.56274098536614
"n13",1,9.13294916570393
"n13",1,4.99919058713986
"n13",1,8.69622131999857
"n13",1,6.95710839970649
"n13",1,5.87214370526102
"n13",1,10.4623085158739
"n13",1,12.3774713923841
"n13",1,12.4724413629092
"n13",1,7.42191698473159
"n13",1,13.2072323592894
"n13",1,11.9307757550287
"n13",1,11.0712845860454
"n13",1,12.24980105947
"n13",1,9.00239279255739
"n13",1,8.63361316792181
"n13",1,12.2563838548649
"n13",1,9.66222560101928
"n13",1,12.8598954451634
"n13",1,9.91677825416903
"n13",1,11.5951434075922
"n13",1,9.26008923231049
"n13",1,10.7408499405143
"n13",1,7.6138780913513
"n13",1,9.22054706387898
"n13",1,9.86956714395357
"n13",1,6.89597203041714
"n13",1,9.89591596481512
"n13",1,6.8903490613927
"n13",1,7.60338562218549
"n13",1,9.72792092752128
"n13",1,11.7952037861952
"n13",1,11.4285536317014
"n13",1,10.5476724436027
"n13",1,9.70336983517896
"n13",1,6.22989211724082
"n13",1,10.6365549888689
"n13",1,7.40009129104974
"n13",1,11.2348441140539
"n13",1,8.18573376263219
"n13",1,11.8159357799104
"n13",1,11.7495887919129
"n13",1,7.68805320412871
"n13",1,11.0936758073454
"n13",1,12.1390818225951
"n13",1,10.9995424799814
"n13",1,8.25284098733254
"n13",1,8.08114374295323
"n13",1,7.81894888133464
"n13",1,10.9521587129115
"n13",1,8.50834148273423
"n13",1,11.8347623961932
"n13",1,6.98461655184208
"n13",1,9.12538807826303
"n13",1,12.7982204282989
"n13",1,7.6467567313928
"n13",1,5.91950455512556
"n13",1,10.8944169249588
"n13",1,12.4721911583444
"n13",1,7.51553706688584
"n13",1,9.6308322498291
"n13",1,8.15204849793297
"n13",1,10.2577803783824
"n13",1,12.0118185364172
"n13",1,9.93738279171016
"n13",1,12.8701662243395
"n13",1,9.73984064693196
"n13",1,9.15216419783701
"n13",1,11.3488114225097
"n13",1,8.1653545937318
"n13",1,8.64628682883204
"n13",1,10.7322231925768
"n13",1,8.38383625454525
"n13",1,12.6521736806661
"n13",1,11.63961895984
"n13",1,7.67190861732492
"n13",1,9.56191437088882
"n13",1,13.2010091397951
"n13",1,10.378366221121
"n13",1,7.237331913019
"n13",1,7.10033303006378
"n13",1,6.4947125879525
"n13",1,11.1486328765817
"n13",1,9.13260457348618
"n13",1,8.72900393648344
"n13",1,10.7816937441212
"n13",1,10.9434573527361
"n13",1,10.4116106037139
"n13",1,10.437640732578
"n13",1,12.292379363969
"n13",1,9.43712506624146
"n13",1,9.08445349203318
"n13",1,10.2093863278885
"n13",1,15.972649612081
"n13",1,10.943902737165
"n13",1,12.0551487957033
"n13",1,9.98791161115147
"n13",1,5.53882794099409
"n13",1,11.987410309836
"n13",1,9.41512964214396
"n13",1,9.97226367289916
"n13",1,9.87971705562177
"n13",1,8.93375084107281
"n13",1,11.0216637085847
"n13",1,10.8408879517374
"n13",1,10.2342515225443
"n13",1,7.71132411482801
"n13",1,11.5664682004482
"n13",1,9.49753389553799
"n13",1,10.4720831232521
"n13",1,7.59775449364762
"n13",1,9.77922127136214
"n13",1,7.69204103835062
"n13",1,9.53858283468659
"n13",1,8.10718119638089
"n13",1,10.1693837231881
"n13",1,9.52567297526978
"n13",1,7.12245413550631
"n13",1,8.77859295538793
"n13",1,8.35674433789031
"n13",1,10.0214474740078
"n13",1,11.0243513167552
"n13",1,11.3712654940172
"n13",1,13.7482302779103
"n13",1,10.320575886712
"n13",1,6.54539749127853
"n13",1,13.9734059128525
"n13",1,10.4369395887246
"n13",1,11.0151078360729
"n13",1,9.99402786085674
"n13",1,11.4325088455891
"n13",1,9.64782295779695
"n13",1,12.5511560808437
"n13",1,12.682636323895
"n13",1,9.85431457065066
"n13",1,9.80537392238831
"n13",1,13.1677211234285
"n13",1,11.3798208128245
"n13",1,9.70636890935499
"n13",1,9.65409212943838
"n13",1,9.57767828037142
"n13",1,10.4812134965789
"n13",1,11.8079294621909
"n13",1,7.78069370284793
"n13",1,9.8047817423424
"n13",1,8.74012947310357
"n13",1,9.86341497313529
"n13",1,8.81983531866613
"n13",1,12.8443446021366
"n13",1,8.07484374719904
"n13",1,12.3470365575512
"n13",1,7.82789272555542
"n13",1,5.72843322442314
"n13",1,8.26320947671897
"n13",1,8.47337844061922
"n13",1,9.00193421934497
"n13",1,11.1148444169224
"n13",1,6.99344830682521
"n13",1,10.1107554191456
"n13",1,9.27147656744402
"n13",1,9.16556996425716
"n13",1,11.9520884551905
"n13",1,5.58045545362874
"n13",1,12.8916054828479
"n13",1,11.5152448254445
"n13",1,8.72265976366101
"n13",1,10.5180105213692
"n13",1,12.1013272869255
"n13",1,7.23947671384209
"n13",1,11.5992430565242
"n13",1,12.0024748957774
"n13",1,8.63527262581126
"n13",1,13.5845643816283
"n13",1,6.50797165791916
"n13",1,6.27745909751184
"n13",1,11.3601593284534
"n13",1,11.5022252455199
"n13",1,8.39218535313157
"n13",1,14.0075440315086
"n13",1,9.68611711206978
"n13",1,10.5522907851394
"n13",1,10.6221981756648
"n13",1,9.54911435600113
"n13",1,8.67691532767056
"n13",1,10.4079660653857
"n13",1,7.41294001522794
"n13",1,10.1927103977212
"n13",1,11.278011086768
"n13",1,4.83336635598409
"n13",1,8.32720579413741
"n13",1,9.64374734157549
"n13",1,8.58738009842226
"n13",1,9.34347672732859
"n13",1,11.3722102787142
"n13",1,7.60544192943294
"n13",1,7.9894712064402
"n13",1,10.1572245694847
"n13",1,10.2551493911655
"n13",1,10.2547862253893
"n13",1,9.7542786845589
"n13",1,11.1693507456555
"n13",1,8.30781918027936
"n13",1,11.1035565387513
"n13",1,7.05104284545838
"n13",1,9.14071499351717
"n13",1,13.4236439430874
"n13",1,9.82708949703958
"n13",1,9.67630569039692
"n13",1,14.4802196517717
"n13",1,12.5828284001537
"n13",1,13.5113132743447
"n13",1,6.48211769479334
"n13",1,8.6666038490912
"n13",1,9.81314668814393
"n13",1,9.42366013684806
"n13",1,12.6997241439587
"n13",1,13.3983254645833
"n13",1,8.34161628589998
"n13",1,9.8271856930152
"n13",1,12.3402304329203
"n13",1,11.4543757679928
"n13",1,7.83413935817996
"n13",1,5.96907767656157
"n13",1,10.5127226202265
"n13",1,10.1708281669621
"n13",1,8.08147987933863
"n13",1,10.0305471620591
"n13",1,9.58561593875746
"n13",1,11.6077379256317
"n13",1,10.4853721279307
"n13",1,7.35101237915012
"n13",1,12.1972848850378
"n13",1,8.55104158106273
"n13",1,8.65522046112351
"n13",1,10.842308796447
"n13",1,11.6925350767474
"n13",1,8.26669262245445
"n13",1,13.8421672933794
"n13",1,10.5376916122025
"n13",1,8.55333810657455
"n13",1,8.61692090583911
"n13",1,10.9570129947441
"n13",1,9.98508715708259
"n13",1,10.3054012968839
"n13",1,9.52440069847542
"n13",1,6.57983698105583
"n13",1,11.8630358543885
"n13",1,7.78288868723776
"n13",1,10.5050261955936
"n13",1,7.01666918111448
"n13",1,10.1522365235541
"n13",1,10.834319163078
"n13",1,4.78249895817213
"n13",1,11.3543684096717
"n13",1,10.6042552185038
"n13",1,10.2865017402799
"n13",1,9.52123038711339
"n13",1,11.7524087162999
"n13",1,9.07413778691284
"n13",1,12.1534429650585
"n13",1,8.75567149947782
"n13",1,6.85786939622974
"n13",1,9.64269592527288
"n13",1,8.8138458072544
"n13",1,8.59677267046627
"n13",1,12.1058048311197
"n13",1,7.44259660412516
"n13",1,9.00126944384442
"n13",1,11.4861138820226
"n13",1,9.88459615814469
"n13",1,7.51182975830795
"n13",1,12.2735858405165
"n13",1,8.32669655755877
"n13",1,10.2102116597094
"n13",1,11.4959049497902
"n13",1,13.3728667833112
"n13",1,10.3414997076498
"n13",1,10.1437274659033
"n13",1,7.55128558202859
"n13",1,9.8598289614772
"n13",1,10.5629036385088
"n13",1,11.9063603138112
"n13",1,7.89494700737614
"n13",1,7.91758009766551
"n13",1,12.7014869290863
"n13",1,13.0817729991977
"n13",1,14.9772248377148
"n13",1,8.42839993280862
"n13",1,11.0486857580128
"n13",1,7.67861889377987
"n13",1,7.52129483607802
"n13",1,11.2128406674387
"n13",1,10.4131224889442
"n13",1,8.34730325133682
"n13",1,7.34006958717404
"n13",1,9.7284317319668
"n13",1,8.23202527519736
"n13",1,9.62229948823303
"n13",1,8.75267380929504
"n13",1,8.74934544001994
"n13",1,10.0237206444145
"n13",1,12.0325078716462
"n13",1,11.1619128829719
"n13",1,13.9049162856354
"n13",1,9.73175189714191
"n13",1,10.4579708105592
"n13",1,8.42405934916565
"n13",1,10.8879929779387
"n13",1,7.29501582501223
"n13",1,9.40228290727366
"n13",1,8.17886368030938
"n13",1,8.06001457217214
"n13",1,10.7360036570905
"n13",1,13.6869035540192
"n13",1,11.4707942255983
"n13",1,11.1960447467779
"n13",1,9.16587785243691
"n13",1,8.39147940614031
"n13",1,8.02012868183595
"n13",1,8.26581367091302
"n13",1,10.3415286719412
"n13",1,7.26593816167682
"n13",1,10.2285158602262
"n13",1,6.8206274422199
"n13",1,7.1939755485496
"n13",1,12.3011005200241
"n13",1,9.27569340783673
"n13",1,7.21972120436155
"n13",1,6.0554725727223
"n13",1,8.87626465793508
"n13",1,9.17441494480813
"n13",1,7.48621947435012
"n13",1,10.8436933360914
"n13",1,13.1320413119041
"n13",1,8.85336570294938
"n13",1,11.708325411127
"n13",1,9.79893061187022
"n13",1,10.845966200607
"n13",1,8.57537762568759
"n13",1,8.7213168308908
"n13",1,9.49185383756665
"n13",1,8.00246255827748
"n13",1,8.81096023938077
"n13",1,10.0376379001021
"n13",1,7.97904429324077
"n13",1,12.2853907043221
"n13",1,14.401229285325
"n13",1,9.57453911388202
"n13",1,7.02754630075376
"n13",1,8.04426995321512
"n13",1,13.7277322821102
"n13",1,9.81630660644885
"n13",1,7.74014519320113
"n13",1,10.0536496144925
"n13",1,10.9999395471168
"n13",1,10.4368434227626
"n13",1,7.83640227101949
"n13",1,11.7268176025852
"n13",1,13.7081582234855
"n13",2,13.9622413141937
"n13",2,12.4700718445122
"n13",2,9.59794885586323
"n13",2,6.89726643383283
"n13",2,11.2017913055581
"n13",2,8.94534092286101
"n13",2,11.9921640644286
"n13",2,10.6875729911576
"n13",2,14.4393627898523
"n13",2,11.2588843706177
"n13",2,10.6912726859282
"n13",2,16.288211319715
"n13",2,6.25448926327108
"n13",2,9.48708951484621
"n13",2,13.047625768599
"n13",2,11.6195923481681
"n13",2,8.79332234924569
"n13",2,14.9127417394974
"n13",2,11.170620829169
"n13",2,12.6097936268465
"n13",2,13.600563773964
"n13",2,11.3794330331315
"n13",2,7.95955013110057
"n13",2,9.70951488556337
"n13",2,11.6434951282093
"n13",2,7.78153304369217
"n13",2,12.4323813227113
"n13",2,6.78351665132283
"n13",2,6.43575813877296
"n13",2,13.0222383625024
"n13",2,10.465379188495
"n13",2,9.35806908714554
"n13",2,11.398833368951
"n13",2,10.8114265439929
"n13",2,8.01450531389234
"n13",2,11.8768194811383
"n13",2,9.79194901136221
"n13",2,11.2490227931782
"n13",2,11.1134137520295
"n13",2,11.9026011351524
"n13",2,8.96145653138633
"n13",2,10.8768278878973
"n13",2,12.5044625603281
"n13",2,6.2732584469424
"n13",2,10.1069790452401
"n13",2,7.85909815392391
"n13",2,10.1168115665079
"n13",2,11.5622846708507
"n13",2,10.6265356380594
"n13",2,10.1617726424864
"n13",2,12.3978152089201
"n13",2,7.87265455162833
"n13",2,15.0937892538669
"n13",2,11.0366947998421
"n13",2,9.04964968462477
"n13",2,10.3457540754756
"n13",2,9.56199565614628
"n13",2,14.3754379062668
"n13",2,10.7636534208976
"n13",2,7.71782868253747
"n13",2,11.6815136256542
"n13",2,10.0434159806217
"n13",2,11.6336612154929
"n13",2,14.5955732848506
"n13",2,5.88047726594324
"n13",2,11.6560266700748
"n13",2,12.0875491067968
"n13",2,5.20856981987147
"n13",2,9.90088789160201
"n13",2,11.120867622453
"n13",2,8.40479289811231
"n13",2,10.6410378473656
"n13",2,10.970343045257
"n13",2,10.0172125013692
"n13",2,10.8687215821554
"n13",2,12.9440687176513
"n13",2,10.4718557625826
"n13",2,11.2555764862498
"n13",2,9.20523014984909
"n13",2,15.6648740958373
"n13",2,8.08659190238296
"n13",2,12.1591915581479
"n13",2,6.90962077669796
"n13",2,12.945739203141
"n13",2,8.13550594017782
"n13",2,13.1006007955291
"n13",2,10.727584619011
"n13",2,10.7531661896607
"n13",2,10.2627202160656
"n13",2,8.67630238610231
"n13",2,11.3198347067265
"n13",2,8.7218307999453
"n13",2,14.1137369141957
"n13",2,7.79877486981891
"n13",2,9.35278832161367
"n13",2,8.94166925346512
"n13",2,10.0285714436575
"n13",2,11.4213365329176
"n13",2,10.3541621656909
"n13",2,12.3208906440459
"n13",2,9.28570628414381
"n13",2,9.47767698997011
"n13",2,10.189726171638
"n13",2,11.578021689363
"n13",2,5.00998889924058
"n13",2,8.67927039490466
"n13",2,9.7921887061742
"n13",2,11.9609577045481
"n13",2,14.2257919815123
"n13",2,8.8281318511197
"n13",2,11.4948795419342
"n13",2,7.40930252902579
"n13",2,7.21208972263841
"n13",2,12.3971744740591
"n13",2,13.1836017685532
"n13",2,11.9715849171546
"n13",2,11.0783626930332
"n13",2,8.45534757866895
"n13",2,8.93592512523811
"n13",2,9.91478511324587
"n13",2,11.7492099146807
"n13",2,8.71566042712475
"n13",2,11.0167163446961
"n13",2,10.073744016847
"n13",2,11.5970143263921
"n13",2,10.769737350983
"n13",2,8.35675463539502
"n13",2,13.2124660266119
"n13",2,6.76025559411589
"n13",2,9.34400890759242
"n13",2,9.40542095748948
"n13",2,7.82944929564123
"n13",2,15.0526807225324
"n13",2,6.95397790453869
"n13",2,10.7183412396992
"n13",2,11.751946803961
"n13",2,12.8885296038876
"n13",2,11.6984811302668
"n13",2,10.1377333698495
"n13",2,11.1176889295561
"n13",2,11.7602456861429
"n13",2,13.2665067532751
"n13",2,12.1213211709115
"n13",2,10.9293672140268
"n13",2,5.18869833887156
"n13",2,8.91838928871756
"n13",2,8.96492898337275
"n13",2,11.5266415296726
"n13",2,11.9775948161896
"n13",2,9.78511440762538
"n13",2,9.6179784646481
"n13",2,10.797369819759
"n13",2,8.91862753723172
"n13",2,10.666377649012
"n13",2,8.36123861578508
"n13",2,10.6110622805822
"n13",2,9.45067650479688
"n13",2,9.76942663416767
"n13",2,11.7925627431069
"n13",2,9.47577149519718
"n13",2,12.8728395849947
"n13",2,10.0578889047393
"n13",2,12.2849269000022
"n13",2,12.517009922159
"n13",2,12.9946870120089
"n13",2,13.6191456363577
"n13",2,11.7915860345828
"n13",2,8.63874235399259
"n13",2,9.04589896343015
"n13",2,12.1793976918324
"n13",2,6.43278382318371
"n13",2,9.22906019661168
"n13",2,11.8762381843978
"n13",2,8.08167671468816
"n13",2,8.10220363268921
"n13",2,12.6430374782378
"n13",2,9.82566905119472
"n13",2,13.7681351743862
"n13",2,8.12679975220719
"n13",2,9.51433834288993
"n13",2,12.1489999937077
"n13",2,10.2642858680706
"n13",2,11.893934049429
"n13",2,6.81371591904983
"n13",2,8.30692933810022
"n13",2,9.1716612017954
"n13",2,12.2043586709753
"n13",2,14.5490997012649
"n13",2,12.1455815422444
"n13",2,8.99277835548469
"n13",2,10.4827991056989
"n13",2,9.5941533561714
"n13",2,10.2561156876249
"n13",2,6.32039550669119
"n13",2,9.25555303935087
"n13",2,7.4752769909558
"n13",2,9.5380810595318
"n13",2,12.6065431721864
"n13",2,8.85909021491754
"n13",2,11.9719077619289
"n13",2,10.4410742835077
"n13",2,7.30376706642621
"n13",2,12.7639577902923
"n13",2,11.0832939259374
"n13",2,10.6944977580985
"n13",2,11.5225347220381
"n13",2,11.8853002818662
"n13",2,11.6161356907973
"n13",2,8.57086633755676
"n13",2,9.77148756294076
"n13",2,8.89970103183609
"n13",2,10.833613410229
"n13",2,8.32169400603683
"n13",2,9.61600242469165
"n13",2,9.57111367149183
"n13",2,12.9142407937757
"n13",2,9.64808622124082
"n13",2,11.9110251543602
"n13",2,7.3473372461101
"n13",2,13.3835659541206
"n13",2,9.52017556625763
"n13",2,9.74237226861881
"n13",2,7.6128263924372
"n13",2,11.5383089940167
"n13",2,10.9117401162924
"n13",2,11.9759139603353
"n13",2,10.9009451979931
"n13",2,5.77992255305796
"n13",2,8.81113010329634
"n13",2,8.92168492132701
"n13",2,10.8847147910901
"n13",2,12.5170319555163
"n13",2,12.8493963311879
"n13",2,11.6227231301055
"n13",2,11.2973139269595
"n13",2,11.7607457741201
"n13",2,14.6551372289649
"n13",2,12.8089952583078
"n13",2,10.3883192037993
"n13",2,11.4534013882058
"n13",2,12.4718703614965
"n13",2,9.56064428425236
"n13",2,11.659538949117
"n13",2,9.85132906766611
"n13",2,10.2023068508995
"n13",2,9.93269142761467
"n13",2,10.0947843291166
"n13",2,9.58564470006017
"n13",2,11.2993547002432
"n13",2,8.28142203715269
"n13",2,11.694711036094
"n13",2,11.5779528749608
"n13",2,8.93997272165437
"n13",2,10.7447127041069
"n13",2,10.4522201504457
"n13",2,9.71630713219873
"n13",2,11.7456172830888
"n13",2,13.7268691003938
"n13",2,10.6717399393753
"n13",2,5.72238316269786
"n13",2,12.599144984199
"n13",2,6.27590571609025
"n13",2,12.648121298267
"n13",2,7.74048059909101
"n13",2,10.5325237656072
"n13",2,9.75015441339148
"n13",2,7.60484394430266
"n13",2,8.35620163841357
"n13",2,10.2679057700842
"n13",2,8.32883060866174
"n13",2,12.1639032987125
"n13",2,9.79756916135436
"n13",2,9.15334562611896
"n13",2,10.7709135402219
"n13",2,10.6559216172281
"n13",2,7.99423688560793
"n13",2,8.41925202354505
"n13",2,11.3685853457655
"n13",2,10.0094178026153
"n13",2,11.0358437842781
"n13",2,14.4742921642472
"n13",2,11.385256026963
"n13",2,10.91982435769
"n13",2,7.65731912180788
"n13",2,6.41048130382483
"n13",2,9.74088842564816
"n13",2,10.9536374497567
"n13",2,11.1305648537811
"n13",2,11.7773462933878
"n13",2,12.9587041096637
"n13",2,9.10576666252102
"n13",2,11.6822221431681
"n13",2,11.0781496210889
"n13",2,10.9106056833734
"n13",2,15.2212860513102
"n13",2,6.78135024061568
"n13",2,13.5790357954128
"n13",2,8.85869086705547
"n13",2,15.8069823215092
"n13",2,12.3306143666608
"n13",2,9.86488274662722
"n13",2,9.49034683389742
"n13",2,10.9765353272162
"n13",2,11.0617331169621
"n13",2,11.5906083539252
"n13",2,14.596078748184
"n13",2,12.6750360412023
"n13",2,9.69765396587845
"n13",2,13.8891865496719
"n13",2,14.858815316469
"n13",2,13.1002063068349
"n13",2,13.3573330800922
"n13",2,5.98207593090665
"n13",2,15.770151137852
"n13",2,8.98953389216896
"n13",2,11.2073054706174
"n13",2,9.98086945573264
"n13",2,11.7487726370527
"n13",2,11.6740912225549
"n13",2,14.205757002791
"n13",2,10.3747140587737
"n13",2,8.4130822624846
"n13",2,13.2454080152759
"n13",2,12.2575687803233
"n13",2,10.746690948478
"n13",2,12.1879226649729
"n13",2,8.68349308871126
"n13",2,9.20253724803121
"n13",2,10.5237542470871
"n13",2,11.9237950138049
"n13",2,13.8726191893511
"n13",2,15.3173410708998
"n13",2,11.7331380533374
"n13",2,12.6423569300362
"n13",2,7.89653523974729
"n13",2,12.2449338244202
"n13",2,9.61565526078103
"n13",2,7.89326719505955
"n13",2,9.28510617725045
"n13",2,13.7136262581987
"n13",2,8.6576922218738
"n13",2,11.0472284753935
"n13",2,9.24848132625925
"n13",2,13.0374703974207
"n13",2,11.5601602888117
"n13",2,10.2239508061415
"n13",2,14.499221245677
"n13",2,9.31644742011447
"n13",2,8.93296645959331
"n13",2,9.46738323625877
"n13",2,8.98280208001904
"n13",2,7.47653620553115
"n13",2,13.7315946330787
"n13",2,13.7993501356194
"n13",2,9.75727159798592
"n13",2,10.4905471658035
"n13",2,10.7591671014016
"n13",2,11.6102455818297
"n13",2,12.5147638806188
"n13",2,9.82008495837871
"n13",2,10.222887280023
"n13",2,9.26561837844401
"n13",2,10.804232261498
"n13",2,7.7141208684833
"n13",2,14.3326828147744
"n13",2,9.45629646953957
"n13",2,9.57598406384719
"n13",2,11.6002294593588
"n13",2,11.5400401957801
"n13",2,12.6998972791782
"n13",2,8.9712311627836
"n13",2,8.82915531867655
"n13",2,5.9594130920705
"n13",2,8.87875980732342
"n13",2,10.9366019880537
"n13",2,7.47236745558962
"n13",2,12.2456422896643
"n13",2,12.0899422657673
"n13",2,9.52820834595203
"n13",2,8.49992266089294
"n13",2,8.7886603463102
"n13",2,12.519774498819
"n13",2,7.0502934460966
"n13",2,8.3718214320661
"n13",2,8.96842499365044
"n13",2,8.41996284062919
"n13",2,12.9275303538366
"n13",2,10.7244639701046
"n13",2,7.57597667163041
"n13",2,11.8550207773784
"n13",2,9.43409346676853
"n13",2,11.5100300457781
"n13",2,11.6004225453528
"n13",2,9.27248140858281
"n13",2,11.8580645637387
"n13",2,9.84855916261579
"n13",2,3.37290211751291
"n13",2,12.3191274384574
"n13",2,9.53429976161721
"n13",2,9.95741649271332
"n13",2,8.15544986279009
"n13",2,10.2658835540439
"n13",2,9.01735212322643
"n13",2,12.7820342381638
"n13",2,16.1825044405877
"n13",2,10.7949682526563
"n13",2,10.699429611607
"n13",2,11.6934843095856
"n13",2,14.2046804037032
"n13",2,10.8481955009269
"n13",2,12.994657523152
"n13",2,10.4381537112211
"n13",2,12.4257706338687
"n13",2,9.99339869876046
"n13",2,13.6967516762862
"n13",2,9.0038854256067
"n13",2,11.2413747716704
"n13",2,11.8601070967008
"n13",2,10.9806558177474
"n13",2,9.24110100032765
"n13",2,8.83320913474503
"n13",2,10.8187578951431
"n13",2,12.6521262597229
"n13",2,10.5070143092436
"n13",2,13.712925609288
"n13",2,8.7935924966411
"n13",2,9.99309991153989
"n13",2,6.84722070214811
"n13",2,9.88850009114821
"n13",2,8.28506981113586
"n13",2,9.87108273199124
"n13",2,12.1404040471221
"n13",2,7.85288658753172
"n13",2,13.6076774533707
"n13",2,9.69347929932733
"n13",2,9.18344185490421
"n13",2,8.35171118731109
"n13",2,8.74217197508537
"n13",2,10.3760027816228
"n13",2,10.3927452341459
"n13",2,12.0243799472225
"n13",2,10.5792761762256
"n13",2,11.4321872936521
"n13",2,10.7414189418523
"n13",2,13.4701517373807
"n13",2,10.8198782839673
"n13",2,9.36450857967675
"n13",2,8.56098954488265
"n13",2,9.7587143606771
"n13",2,8.5559579185991
"n13",2,8.75746311621629
"n13",2,10.7333053661983
"n13",2,12.3716278719121
"n13",2,10.717538459963
"n13",2,10.0982570791328
"n13",2,10.6590016990878
"n13",2,9.3979749388712
"n13",2,11.0645850974612
"n13",2,11.1241261691519
"n13",2,11.2111567967857
"n13",2,14.0823596924781
"n13",2,12.9407735148049
"n13",2,13.588196932298
"n13",2,11.5173293145216
"n13",2,10.0503956957765
"n13",2,13.1455172120441
"n13",2,11.6508435698107
"n13",2,10.3070558879605
"n13",2,12.0183363051124
"n13",2,11.1944334769403
"n13",2,9.45572185338963
"n13",2,9.88190744342749
"n13",2,13.8003165582743
"n13",2,12.1342402497804
"n13",2,7.04897471052471
"n13",2,12.1400204516412
"n13",2,8.77862591174996
"n13",2,10.2988092273215
"n13",2,7.95988865901473
"n13",2,7.84719851792181
"n13",2,10.2172019003745
"n13",2,13.9350507947535
"n13",2,12.4241691508135
"n13",2,13.5802278131563
"n13",2,12.8513082524416
"n13",2,9.10940693931985
"n13",2,10.4477383286636
"n13",2,11.8433667377155
"n13",2,11.5750305271509
"n13",2,9.1887657003078
"n13",2,5.30340336212563
"n13",2,11.0226332680459
"n13",2,10.7029170619262
"n13",2,11.5671753241829
"n13",2,11.7140475655644
"n13",2,14.987682702243
"n13",2,6.77165301115446
"n13",2,9.62127705899809
"n13",2,12.224193745092
"n13",2,12.3144074309131
"n13",2,9.07280475602555
"n13",2,12.3224341709513
"n13",2,14.6313217574093
"n13",2,9.82439275114483
"n13",2,9.3380730535817
"n13",2,10.3544922142228
"n13",2,9.93057750759319
"n13",2,7.45674290320913
"n13",2,12.552370110067
"n13",2,14.0603025123004
"n13",2,11.8609215546458
"n13",2,12.6935632354737
"n13",2,14.4276331170684
"n13",2,8.48975432382156
"n13",2,12.1788863738753
"n13",2,10.7836942584742
"n13",2,13.3767126753247
"n13",2,10.3080572989458
"n13",2,13.1548785662663
"n13",2,8.59336033624344
"n13",2,6.2884125208936
"n13",2,10.2792053123897
"n13",2,11.3007870429178
"n13",2,10.904254670622
"n13",2,9.76674256890902
"n13",2,14.5022629012246
"n13",2,12.7374707626594
"n13",2,13.9541724032329
"n13",2,8.91721312220405
"n13",2,15.0516275792161
"n13",2,12.1818800906806
"n13",2,9.78997058471386
"n13",2,9.23170536905285
"n13",2,11.6856592729236
"n13",2,9.21809781578211
"n13",2,9.36862510139557
"n13",2,11.9762311419521
"n13",2,9.9112820255321
"n13",2,14.2432725610414
"n13",2,12.5780223862882
"n13",2,12.9272800087014
"n13",2,10.8180355805248
"n13",2,11.7041108087078
"n13",2,10.8465669568191
"n13",2,9.84895578405489
"n13",2,10.2015781474928
"n13",2,12.0173961181739
"n13",2,8.96716246923241
"n13",2,12.1665435895488
"n13",2,8.89066624943155
"n13",2,11.6476318861772
"n13",2,7.84943158014659
"n13",2,7.58090511493991
"n13",2,10.9258653331587
"n13",2,11.810137687225
"n13",2,10.2452020768168
"n13",2,12.5043555399969
"n13",2,9.73055369008722
"n13",2,7.49581398121345
"n13",2,12.5191192454064
"n13",2,11.1584482892718
"n13",2,10.4765918405389
"n13",2,8.65136189342656
"n13",2,8.67269530437605
"n13",2,11.4315632093331
"n13",2,9.44477371131775
"n13",2,10.6099735675752
"n13",2,9.91811779657888
"n13",2,11.2462783356235
"n13",2,8.38877489872101
"n13",2,13.4515612033409
"n13",2,11.012042419113
"n13",2,13.8186651428562
"n13",2,9.80251440372414
"n13",2,7.35163801586509
"n13",2,7.36649470665535
"n13",2,9.34326191219848
"n13",2,9.52098969198977
"n13",2,13.1002744236376
"n13",2,11.6396805017182
"n13",2,7.80754851177143
"n13",2,10.7347421686138
"n13",2,11.6279798421435
"n13",2,10.5729691725719
"n13",2,8.58925926312742
"n13",2,7.85175324886597
"n13",2,8.71675011095814
"n13",2,8.49620514582977
"n13",2,12.6174011806486
"n13",2,11.2583825824139
"n13",2,6.96587836917133
"n13",2,8.92701664895278
"n13",2,10.627008892391
"n13",2,10.0256677737233
"n13",2,8.70546359594981
"n13",2,11.2735718784543
"n13",2,13.0922812704065
"n13",2,9.82324565724106
"n13",2,13.5106425114808
"n13",2,9.40619112055084
"n13",2,10.3096051918701
"n13",2,12.6890757670816
"n13",2,8.90340070991619
"n13",2,10.2337350766322
"n13",2,13.1764305430859
"n13",2,9.73049656174665
"n13",2,9.18205153065454
"n13",2,8.24943275717581
"n13",2,8.97595836763244
"n13",2,9.24207240194509
"n13",2,11.1326428165465
"n13",2,11.35415168111
"n13",2,11.9919664590842
"n13",2,10.3774919784212
"n13",2,10.8780831668366
"n13",2,6.57520796832176
"n13",2,9.87079227826353
"n13",2,11.7346566544453
"n13",2,9.82892783292452
"n13",2,14.6955054144768
"n13",2,9.97909605172739
"n13",2,11.3474306671631
"n13",2,11.4828354581581
"n13",2,9.98768174023329
"n13",2,12.4493183485078
"n13",2,13.8173212020084
"n13",2,10.5937319209094
"n13",2,10.3159388401877
"n13",2,10.0702629734594
"n13",2,12.2862002465635
"n13",2,11.0991605342736
"n13",2,12.2754371696084
"n13",2,8.04444889604931
"n13",2,12.2874579603011
"n13",2,9.28420722919165
"n13",2,9.96764181887691
"n13",2,11.8221241009611
"n13",2,11.3149729084621
"n13",2,9.79081988603913
"n13",2,14.2286845908654
"n13",2,9.68445198029833
"n13",2,12.121366995523
"n13",2,11.9102595296653
"n13",2,12.4469651892431
"n13",2,11.497663690755
"n13",2,12.5787295660633
"n13",2,12.5203925942046
"n13",2,11.605966631522
"n13",2,13.3505079145183
"n13",2,10.3901216102809
"n13",2,12.3252453206935
"n13",2,8.99608898048466
"n13",2,9.67244631599684
"n13",2,13.4651569372649
"n13",2,9.42219353865719
"n13",2,12.0416330903952
"n13",2,13.8377251481207
"n13",2,13.4905646716389
"n13",2,10.4742215594468
"n13",2,11.4115241419282
"n13",2,8.94422582820316
"n13",2,13.9804512097314
"n13",2,11.0989506820112
"n13",2,12.5268654616839
"n13",2,9.69247118151959
"n13",2,11.7532938281835
"n13",2,12.3705537346553
"n13",2,10.2367145017106
"n13",2,12.240282282503
"n13",2,9.48529117619384
"n13",2,10.7695757540503
"n13",2,11.3041125433428
"n13",2,9.08353847750961
"n13",2,10.8503744954929
"n13",2,8.87621025003377
"n13",2,9.68634168648563
"n13",2,12.1355088038264
"n13",2,11.3356284894935
"n13",2,9.85681505567713
"n13",2,14.0626603121646
"n13",2,11.8039203011413
"n13",2,9.91010757789443
"n13",2,7.45054203109276
"n13",2,12.4746496408371
"n13",2,8.3267926089058
"n13",2,11.0460808039904
"n13",2,8.26600494420933
"n13",2,8.71243465187597
"n13",2,8.52961363882506
"n13",2,14.1765468072292
"n13",2,11.7871652230764
"n13",2,10.2732627345487
"n13",2,11.3004636438737
"n13",2,11.5525819381217
"n13",2,13.1653420156259
"n13",2,7.52020639395455
"n13",2,13.8406818832706
"n13",2,11.7919746033379
"n13",2,10.5969972676104
"n13",2,5.95018090834187
"n13",2,11.2517696222649
"n13",2,11.2171878420435
"n13",2,11.9830331180428
"n13",2,10.1184022857712
"n13",2,9.45902539348365
"n13",2,8.24223110561586
"n13",2,7.09070608983998
"n13",2,11.5581623689572
"n13",2,10.5192979155342
"n13",2,8.52921458448247
"n13",2,11.9842031645323
"n13",2,10.6481284875194
"n13",2,11.1016900321709
"n13",2,11.0836378533642
"n13",2,5.34730958538775
"n13",2,10.2601732462155
"n13",2,11.4301111046393
"n13",2,10.50457743647
"n13",2,10.5302565948957
"n13",2,6.72817780633843
"n13",2,8.69045024197156
"n13",2,9.59185579573215
"n13",2,10.86211937082
"n13",2,10.3062182523704
"n13",2,10.8953264910305
"n13",2,10.6302441630358
"n13",2,9.92989253959109
"n13",2,9.43281872896955
"n13",2,9.13393564462954
"n13",2,15.1357058201115
"n13",2,10.2217751928281
"n13",2,10.0873535252016
"n13",2,11.9422838550238
"n13",2,13.9132050368332
"n13",2,10.8175143745701
"n13",2,11.3117491552701
"n13",2,12.8897205313421
"n13",2,10.1255966006173
"n13",2,9.23590585095078
"n13",2,11.7948964908645
"n13",2,7.18452703033114
"n13",2,9.53177630134435
"n13",2,9.38549043517147
"n13",2,7.97029528537173
"n13",2,10.1330290881216
"n13",2,13.5834758485439
"n13",2,13.746038191926
"n13",2,13.0892320036255
"n13",2,11.652203706105
"n13",2,8.7134599285777
"n13",2,8.78143531770218
"n13",2,8.68245212798811
"n13",2,9.04404612733692
"n13",2,11.8951382295943
"n13",2,8.64498845859952
"n13",2,8.6076937599989
"n13",2,11.0802479651454
"n13",2,8.30468575021032
"n13",2,10.944032170267
"n13",2,10.7032322653769
"n13",2,12.0754554945462
"n13",2,9.13996329549318
"n13",2,13.7901901645289
"n13",2,11.6957570550802
"n13",2,14.0145572381559
"n13",2,11.608226313189
"n13",2,8.8957759787391
"n13",2,11.0099768136813
"n13",2,12.625131624744
"n13",2,12.1245712832639
"n13",2,6.26685713038727
"n13",2,9.37628767242228
"n13",2,10.7388576656999
"n13",2,11.7398617513245
"n13",2,12.5219682325237
"n13",2,15.9180888173029
"n13",2,8.77296705678038
"n13",2,9.75934692920227
"n13",2,10.5089115536749
"n13",2,12.3655148431614
"n13",2,10.1902837413757
"n13",2,11.2577717646969
"n13",2,5.62115392280493
"n13",2,10.8188221758292
"n13",2,10.7888712729583
"n13",2,13.6257237460599
"n13",2,7.22560933994993
"n13",2,10.6099308024383
"n13",2,8.64791661407173
"n13",2,8.29903213979746
"n13",2,10.9742837740572
"n13",2,12.301165223195
"n13",2,11.5717992757214
"n13",2,12.605006293519
"n13",2,8.71517877963629
"n13",2,12.0090766702494
"n13",2,15.892175128434
"n13",2,15.4770123076674
"n13",2,9.06629673020875
"n13",2,9.59048389364011
"n13",2,10.4391173023959
"n13",2,10.8607924660796
"n13",2,10.4576379516668
"n13",2,10.596692292027
"n13",2,9.48300303973201
"n13",2,9.27655408574164
"n13",2,10.3756117278405
"n13",2,10.4209796480921
"n13",2,13.0758716618112
"n13",2,8.39454428836112
"n13",2,12.6626717578446
"n13",2,9.03408998458951
"n13",2,9.56694024583729
"n13",2,13.0549826672592
"n13",2,13.903953262805
"n13",2,10.6660595127795
"n13",2,7.15217567812175
"n13",2,11.6702471850673
"n13",2,9.85242324664796
"n13",2,9.10891044930954
"n13",2,12.3285172235406
"n13",2,9.25458913173757
"n13",2,10.6712649611304
"n13",2,9.67126028672699
"n13",2,10.5324311503416
"n13",2,10.5808788886379
"n13",2,10.9854758214045
"n13",2,9.17594990455865
"n13",2,11.0637924503739
"n13",2,9.50682023003889
"n13",2,13.4087090252102
"n13",2,7.66427038244262
"n13",2,7.50599064862097
"n13",2,11.0104491583146
"n13",2,8.64242250302237
"n13",2,10.2069206158218
"n13",2,10.503310138166
"n13",2,9.22021986880402
"n13",2,11.1021691642789
"n13",2,9.77867168810242
"n13",2,8.9660368131218
"n13",2,11.4013376897188
"n13",2,10.2770865664605
"n13",2,9.76821813820997
"n13",2,10.84077152071
"n13",2,12.8895195840522
"n13",2,10.1846243577948
"n13",2,9.2794042410406
"n13",2,11.5244185439777
"n13",2,10.1411582290639
"n13",2,8.20748890351306
"n13",2,9.35367530651452
"n13",2,11.7180892078538
"n13",2,13.445862181822
"n13",2,9.11455074709565
"n13",2,10.4101721089877
"n13",2,10.9130297390589
"n13",2,8.28461108035425
"n13",2,10.9945806885696
"n13",2,12.4939701542882
"n13",2,9.2691662121433
"n13",2,10.9091766849212
"n13",2,12.625929537215
"n13",2,7.44535905622049
"n13",2,8.99283230402773
"n13",2,12.376161556657
"n13",2,7.89951520508172
"n13",2,10.1818429427754
"n13",2,14.6850366232662
"n13",2,11.5931756907681
"n13",2,11.4801512289038
"n13",2,8.64446788886424
"n13",2,7.11706917943663
"n13",2,10.1903501704481
"n13",2,8.99824239434689
"n13",2,8.19446534484535
"n13",2,11.6144784043109
"n13",2,8.09634064978184
"n13",2,8.99814172781321
"n13",2,12.0391349379387
"n13",2,10.9649475338539
"n13",2,10.101238014736
"n13",2,10.6290768503207
"n13",2,11.3959442500165
"n13",2,12.8596308301933
"n13",2,10.746376539857
"n13",2,12.3647592383851
"n13",2,12.0374112436086
"n13",2,8.00671113046567
"n13",2,10.4563448939364
"n13",2,9.55161925633573
"n13",2,13.2448553498268
"n13",2,10.6736198839417
"n13",2,12.9031224196442
"n13",2,11.3988442592731
"n13",2,12.2819918874224
"n13",2,8.73112271987347
"n13",2,6.76145329769233
"n13",2,12.6775627040161
"n13",2,11.6751129512673
"n13",2,13.7251821854526
"n13",2,8.33765543540149
"n13",2,9.45955499484583
"n13",2,15.4569467297123
"n13",2,5.37245149330173
"n13",2,11.2389258825488
"n13",2,10.8449414783492
"n13",2,11.0048855811428
"n13",2,9.36063704738754
"n13",2,5.84634123736145
"n13",2,13.1445982475487
"n13",2,11.1209069035409
"n13",2,9.08751801298972
"n13",2,10.5193724186785
"n13",2,13.3806246991979
"n13",2,10.8386499929736
"n13",2,10.198744680767
"n13",2,9.78056454893047
"n13",2,11.8630459671282
"n13",2,11.7207864735461
"n13",2,8.25729116944185
"n13",2,9.41621684755647
"n13",2,9.59787105201781
"n13",2,10.167758483608
"n13",2,10.3735750720089
"n13",2,10.0835589268233
"n13",2,11.1968106790441
"n13",2,7.7714557786165
"n13",2,10.030472234477
"n13",2,13.7889811094621
"n13",2,12.206892589782
"n13",2,13.9176227066246
"n13",2,10.9777285399363
"n13",2,7.73923073491602
"n13",2,10.5937560856133
"n13",2,6.60387620075052
"n13",2,8.94119498902672
"n13",2,8.81559436018207
"n13",2,9.53892574040433
"n13",2,13.7408758325477
"n13",2,9.81561031268407
"n13",2,10.4686632800343
"n13",2,9.4894372921987
"n13",2,9.71434102119687
"n13",2,9.98554512900786
"n13",2,7.52364626500215
"n13",2,12.0025897877057
"n13",2,8.39535047933964
"n13",2,12.3044472913736
"n13",2,11.0911981832123
"n13",2,15.3849962264638
"n13",2,7.59684217838499
"n13",2,7.54797478832587
"n13",2,8.46997353003413
"n13",2,16.7872637216428
"n13",2,13.2114136077323
"n13",2,10.1117854374835
"n13",2,12.5840746605227
"n13",2,13.4527338998298
"n13",2,11.3984016785707
"n13",2,9.45973445185225
"n13",2,10.986077836819
"n13",2,12.1001359593422
"n13",2,8.74641876311428
"n13",2,9.05636632316052
"n13",2,10.1322253880739
"n13",2,9.06287344508128
"n13",2,9.38541912045019
"n13",2,7.32574798511261
"n13",2,8.1260266604271
"n13",2,9.56414334593068
"n13",2,9.16219027043196
"n13",2,14.5949003523089
"n13",2,10.3119703265285
"n13",2,10.9848447316935
"n13",2,11.2837986127976
"n13",2,13.7103411767669
"n13",2,10.6674845023713
"n13",2,8.00693080424799
"n13",2,10.381273363219
"n13",2,10.2730386543375
"n13",2,12.077443711795
"n13",2,9.18938177049929
"n13",2,13.5986454074775
"n13",2,10.5429645712119
"n13",2,11.3796055436021
"n13",2,11.946239976116
"n13",2,10.9066819776103
"n13",2,8.60678897840756
"n13",2,11.945731716929
"n13",2,11.7328015399849
"n13",2,12.4541728761881
"n13",2,13.4994094772218
"n13",2,8.26915231334949
"n13",2,14.4050703370119
"n13",2,11.0740222605768
"n13",2,14.0707895767439
"n13",2,10.6665075723042
"n13",2,8.87761014434256
"n13",2,8.77209028500251
"n14",1,0.286312571534918
"n14",1,1.17178978290312
"n14",1,-0.0220677187864231
"n14",1,0.62076622985573
"n14",1,-0.235781520349791
"n14",1,0.0672085666635157
"n14",1,1.56848976674293
"n14",1,-0.342436852727843
"n14",1,0.68789748908799
"n14",1,0.462937195880995
"n14",1,-0.873114036844971
"n14",2,1.85317312776518
"n14",2,1.55049396266628
"n14",2,0.517513824064499
"n14",2,3.0702469160329
"n14",2,2.32981524158719
"n14",2,-0.200816000020967
"n14",2,0.667448693815535
"n14",2,0.745556843066884
"n14",2,0.0401826156777578
"n14",2,-0.274597694462887
"n14",2,0.272892917959424
"n14",2,0.760830516738877
"n15",1,5
"n15",1,5
"n15",1,5
"n15",1,5
"n15",1,5
"n15",1,5
"n15",1,5
"n15",1,5
"n15",1,5
"n15",1,5
"n15",1,5
"n15",1,5
"n15",1,5
"n15",1,5
"n15",1,5
"n15",1,5
"n15",1,5
"n15",1,5
"n15",1,5
"n15",1,5
"n15",2,5.66801746580597
"n15",2,5.13774209917824
"n15",2,5.13066117606465
"n15",2,6.78363972280405
"n15",2,4.60288744307154
"n15",2,5.03248296508734
"n15",2,5.8655318610585
"n15",2,4.12519459739773
"n15",2,5.25522673754248
"n15",2,4.50031821873629
"n15",2,5.92112726712639
"n15",2,4.27098426913326
"n15",2,3.00738415332271
"n15",2,5.80042300569855
"n15",2,5.08731470679244
"n15",2,3.35988839779425
"n15",2,6.30026237374486
"n15",2,5.24862320771769
"n15",2,5.42719144822632
"n15",2,5.07940504757109
"n16",1,-1.4540363924491
"n16",1,1.67080807198965
"n16",1,-0.120830354996064
"n16",2,7.65713232461851
"n16",2,1.5432342271345
"n16",2,-0.252375808912868
"n17",1,0.138343321015457
"n17",1,1.18576364416485
"n17",1,1.70750721644628
"n17",1,0.600645853452485
"n17",1,1.55473382774877
"n17",1,1.39661297469827
"n17",1,0.693232056203489
"n17",1,2.21609294094869
"n17",1,0.0680339468607888
"n17",1,0.303002689575728
"n17",1,1.04187519555722
"n17",1,0.30983005336153
"n17",1,0.760381591843303
"n17",1,0.423704817312388
"n17",1,0.292519266824449
"n17",1,0.782606734391589
"n17",1,1.38176637843153
"n17",1,0.0592967690651547
"n17",1,0.100148509841501
"n17",1,0.0538039493809497
"n17",1,0.266445769777257
"n17",1,0.0411228797159965
"n17",1,2.00381387804707
"n17",1,0.849526075544426
"n17",1,1.23172838998384
"n17",1,1.99346355025956
"n17",1,0.0504959787175516
"n17",1,0.328429019475271
"n17",1,0.552469234318611
"n17",1,0.33769473013968
"n17",1,0.570758217304124
"n17",1,0.919163340995678
"n17",1,0.181655663413515
"n17",1,1.93983813205344
"n17",1,1.02753806068577
"n17",1,0.733878815716398
"n17",1,0.0564274743000808
"n17",1,0.319666892348829
"n17",2,0.644094556113552
"n17",2,2.29836341175305
"n17",2,0.451219481184353
"n17",2,0.0858978653033224
"n17",2,0.375842973557982
"n17",2,0.237523665628194
"n17",2,0.660794457756286
"n17",2,0.300016499036672
"n17",2,1.43493258353546
"n17",2,0.183554656823971
"n17",2,2.23551457053247
"n17",2,0.346897306638425
"n17",2,1.88139441667986
"n17",2,0.966769534680453
"n17",2,1.60680110639388
"n17",2,0.37930226034018
"n17",2,0.522559637310648
"n17",2,0.288596150315574
"n17",2,2.33400044424886
"n17",2,2.49396750009833
"n17",2,2.46337723445946
"n17",2,1.59220128429451
"n17",2,0.233549000958604
"n17",2,1.18689797894506
"n17",2,0.694808663650284
"n17",2,1.71404884434367
"n17",2,0.718100416678845
"n17",2,2.37940706603845
"n17",2,2.43767080984523
"n17",2,1.55460672081485
"n17",2,0.504421553343021
"n17",2,2.13199166061653
"n17",2,0.343631409695299
"n17",2,0.655904585411701
"n17",2,0.976196068128052
"n17",2,0.996868116830167
"n17",2,1.13080151172696
"n17",2,2.02181862892905
"n18",1,2
"n18",1,1
"n18",1,2
"n18",1,3
"n18",1,2
"n18",1,1
"n18",1,2
"n18",1,2
"n18",1,5
"n18",1,4
"n18",1,1
"n18",1,5
"n18",1,2
"n18",1,2
"n18",1,3
"n18",1,5
"n18",1,1
"n18",1,7
"n18",1,5
"n18",1,4
"n18",1,3
"n18",1,9
"n18",1,4
"n18",1,3
"n18",1,2
"n18",1,5
"n18",1,9
"n18",1,0
"n18",1,1
"n18",1,2
"n18",1,3
"n18",1,2
"n18",1,6
"n18",1,7
"n18",1,2
"n18",1,3
"n18",1,3
"n18",1,6
"n18",1,1
"n18",1,6
"n18",1,5
"n18",1,2
"n18",1,4
"n18",1,3
"n18",1,8
"n18",1,4
"n18",1,6
"n18",1,1
"n18",1,5
"n18",1,1
"n18",1,3
"n18",1,5
"n18",1,5
"n18",1,1
"n18",1,4
"n18",1,6
"n18",1,5
"n18",1,1
"n18",1,7
"n18",1,4
"n18",2,11
"n18",2,5
"n18",2,4
"n18",2,5
"n18",2,8
"n18",2,7
"n18",2,4
"n18",2,4
"n18",2,5
"n18",2,6
"n18",2,4
"n18",2,6
"n18",2,6
"n18",2,2
"n18",2,7
"n18",2,8
"n18",2,10
"n18",2,3
"n18",2,5
"n18",2,2
"n18",2,6
"n18",2,3
"n18",2,8
"n18",2,8
"n18",2,6
"n18",2,2
"n18",2,3
"n18",2,9
"n18",2,7
"n18",2,9
"n18",2,7
"n18",2,6
"n18",2,6
"n18",2,7
"n18",2,5
"n18",2,7
"n18",2,9
"n18",2,7
"n18",2,6
"n18",2,8
"n18",2,3
"n18",2,11
"n18",2,5
"n18",2,12
"n18",2,3
"n18",2,3
"n18",2,6
"n18",2,6
"n18",2,5
"n18",2,3
"n18",2,11
"n18",2,5
"n18",2,6
"n18",2,5
"n18",2,5
"n18",2,6
"n18",2,6
"n18",2,5
"n18",2,4
"n18",2,7
"n19",1,0.259296911065657
"n19",1,-0.263927313812484
"n19",1,1.01034447593884
"n19",1,-0.510040671941083
"n19",1,-0.749391252100094
"n19",1,-0.760797139320277
"n19",1,-0.889142761635433
"n19",1,1.05638680570895
"n19",1,0.520249697423382
"n19",1,-0.807228783712025
"n19",1,-0.0677274454263134
"n19",1,0.389388648334927
"n19",1,0.498728154261132
"n19",1,-0.385290364377613
"n19",1,0.533884687587366
"n19",1,1.80652428923854
"n19",1,0.197891589298354
"n19",1,-0.0723531044098286
"n19",1,-1.43562704058063
"n19",1,0.728717443019299
"n19",1,0.130833295076603
"n19",1,0.228469536675626
"n19",1,-1.12367211844879
"n19",1,0.320744509674338
"n19",1,-0.993105477980129
"n19",2,1.1146377592641
"n19",2,1.15966041265312
"n19",2,1.94471547587824
"n19",2,5.18974595497847
"n19",2,1.37786554881963
"n19",2,-2.29600194062671
"n19",2,-0.395874352947953
"n19",2,-1.54541280703157
"n19",2,0.968616894619604
"n19",2,4.37579800837557
"n19",2,1.32092077480645
"n19",2,-0.731962028824078
"n19",2,-2.38142883715911
"n19",2,-1.69677555911682
"n19",2,4.09027489767439
"n19",2,-4.25126135328238
"n19",2,-0.504382441950679
"n19",2,-0.978640665426533
"n19",2,0.548295001247384
"n19",2,-1.42302205102317
"n19",2,-1.23503985266307
"n19",2,3.62572265118842
"n19",2,7.63844658859622
"n19",2,-2.32661838578015
"n19",2,-1.46392638867971
"n20",1,0.479600678561246
"n20",1,-0.444687890209802
"n20",1,-0.129987648176805
"n20",1,0.669006510536987
"n20",1,-0.24625203800796
"n20",1,1.36315024544962
"n20",1,1.50788951647218
"n20",1,-0.609291985983462
"n20",1,0.731150909993158
"n20",1,-0.855668876472866
"n20",1,-0.165020031642684
"n20",1,0.269284275662278
"n20",1,-1.77840954402031
"n20",1,0.516644965919123
"n20",1,0.432580750523153
"n20",1,-1.67165653364674
"n20",1,0.213716226026406
"n20",1,-0.546167831871275
"n20",1,-1.34192846284679
"n20",1,-0.067842642892029
"n20",1,-0.0133418887610806
"n20",1,-1.3865561786127
"n20",1,-1.21096242335714
"n20",1,1.03337027709309
"n20",1,-0.0914958225885251
"n20",1,0.88827169740326
"n20",1,-0.925695420474136
"n20",1,0.510125006004042
"n20",1,-0.0398462656422615
"n20",1,1.0395142570363
"n20",1,1.42511293383154
"n20",1,-0.0341866480844094
"n20",2,1.03637440080385
"n20",2,0.306199972509601
"n20",2,0.479872531596984
"n20",2,0.781662887694478
"n20",2,2.33790854646972
"n20",2,0.997027407727483
"n20",2,0.647511671472023
"n20",2,2.47672209764978
"n20",2,-1.25239632753106
"n20",2,3.24493444571443
"n20",2,1.85040366902381
"n20",2,1.17663421312431
"n20",2,1.39721859356604
"n20",2,2.11672329180529
"n20",2,0.586468549789613
"n20",2,-0.504127567784839
"n20",2,0.833634753677019
"n20",2,2.75611175040921
"n20",2,0.481465889704376
"n20",2,0.836805031222564
"n20",2,1.15362629979387
"n20",2,0.819252947082718
"n20",2,0.4275560489978
"n20",2,2.01921994454752
"n20",2,1.66781140439291
"n20",2,0.305085238266734
"n20",2,2.97711248549677
"n20",2,1.6967285312782
"n20",2,0.620971765115691
"n20",2,1.4107576998269
"n20",2,2.0247825396179
"n20",2,-0.938411471090869
